trial,entity_type,entity_index,x,y
0,robot,0,4.388784397520523,8.585979199113824
0,robot,1,6.973680290593639,0.9417734788764953
0,robot,2,9.756223516367559,7.61139701990353
0,task,0,7.860643052769538,1.2811363267554587
0,task,1,4.503859378955672,3.7079802423258124
0,task,2,9.267649888486018,6.438651200806645
0,task,3,8.227616132708299,4.4341419882733115
0,task,4,2.272387217847769,5.545847870158348
0,task,5,0.6381725610417532,8.27631171992582
0,task,6,6.316643991220649,7.580877400853739
0,task,7,3.545259681298684,9.706980243949033
0,task,8,8.931211213221976,7.783834970737619
0,task,9,1.9463870785196757,4.667210037270342
0,task,10,0.43803765787228777,1.5428949206754783
0,task,11,6.830489532424546,7.447621559078171
0,task,12,9.6750973243421,3.2582535813815197
0,task,13,3.704597060348689,4.695558112758079
0,task,14,1.894713590842857,1.2992150533547164
0,task,15,4.757049262259337,2.2690934905088413
0,task,16,6.698139946825103,4.371519188723307
0,task,17,8.326781960578375,7.002651020022491
0,task,18,3.123666413820411,8.32259801395201
0,task,19,8.047643574968019,3.874783790301745
1,robot,0,6.824955039749755,1.397524836093098
1,robot,1,1.9990820247510832,0.07362269751005512
1,robot,2,7.869243775021384,6.648508565920322
1,robot,3,7.051653786263351,7.807290310219679
1,robot,4,4.5891577553833995,5.687411959528937
1,robot,5,1.3979699812765745,1.1453007353597344
1,task,0,6.6840296179047165,4.710962061431325
1,task,1,5.652361064811888,7.649988574160256
1,task,2,6.347183200005908,5.535794006579958
1,task,3,5.592071607454136,3.039500980626122
1,task,4,0.30817834567939406,4.367173892323624
1,task,5,2.145846728195292,4.085286437246362
1,task,6,8.53403073268166,2.3393948586534075
1,task,7,0.5830274168906602,2.8138389202199656
1,task,8,2.935937577666836,6.6191651472689506
1,task,9,5.570321523412783,7.8389820910641355
2,robot,0,4.063868614400706,8.140203846660347
2,robot,1,1.669729199077039,0.22712073133860478
2,robot,2,0.9004786077564175,7.223593505964503
2,robot,3,4.618772302513873,1.612717790336018
2,robot,4,5.010447751033635,1.5231210271316842
2,robot,5,6.96320375077736,4.461562755740307
2,task,0,3.810212260964825,3.015120891478765
2,task,1,6.302825931188885,3.6181261055339045
2,task,2,0.87649919316101,1.1800590212051532
2,task,3,9.618976645495145,9.085806907076071
2,task,4,6.997071338107496,2.6586996145951955
2,task,5,9.69176377347724,7.787509039657946
2,task,6,7.168901891589956,4.493615021437886
2,task,7,2.72241561845159,0.9639096215349929
2,task,8,9.026023965438416,4.557762898336111
2,task,9,2.023633647952303,3.0595662415065252
2,task,10,5.79219568941896,1.767727829392317
2,task,11,8.566142840923755,7.585195298352101
2,task,12,7.194629559509368,4.320930397751037
2,task,13,6.2730884070244315,5.840979689127356
2,task,14,6.4984660155482,0.8444432113988909
2,task,15,4.1580740217060965,0.4161417386189248
2,task,16,4.9399081924451895,3.298612123327853
2,task,17,1.445241888660469,1.0340296772255164
3,robot,0,1.705929685368861,9.251201183767972
3,robot,1,5.8106113970039495,3.4686980453483707
3,robot,2,5.9091549148141675,0.22803871029697498
3,task,0,9.585592132414453,4.823034369429003
3,task,1,7.827352272502862,0.8272999992243857
3,task,2,4.866583308381603,4.907069943545209
3,task,3,9.37826454974983,5.717280523760754
3,task,4,4.734894010569538,2.669756630918936
3,task,5,3.315689973425522,5.206724024715378
3,task,6,4.389114603050467,0.21612079880330426
3,task,7,8.262919241943578,8.961607718397667
3,task,8,1.4024908899861077,5.540361435390494
3,task,9,1.0857574113544355,6.722400930398117
3,task,10,2.812337838390083,6.594226346919018
3,task,11,7.269946142868826,7.68647491917657
3,task,12,1.0774094595589656,9.160118451376078
3,task,13,2.302139908948808,0.3741255617617978
3,task,14,5.548524693914834,3.7092228386243873
3,task,15,8.297897431324131,8.082514720643019
4,robot,0,9.52899395069745,2.909178381401186
4,robot,1,5.150571292317146,2.5596509056760275
4,robot,2,9.360435700489633,1.6460781758201815
4,robot,3,0.4491061939232899,4.350970600030379
4,robot,4,9.92375564055837,8.916772662549139
4,robot,5,7.486080194569492,8.90792490878525
4,task,0,8.934466396978632,5.18858360386449
4,task,1,3.1592905183079303,7.72012432110988
4,task,2,6.616612631677611,3.7365772887371005
4,task,3,0.9446666806151527,7.46789611349026
4,task,4,2.624605159228647,9.368131505337793
4,task,5,2.4097057500568475,1.2275793241148603
4,task,6,8.311126721249062,1.5328431662449404
4,task,7,1.7926830815773909,5.993827915208435
4,task,8,8.745620408374645,1.9643466571457324
4,task,9,3.1032367290009475,7.774048382411776
4,task,10,9.718264260609674,5.007411862023423
5,robot,0,0.13936287708201545,2.2965602999885526
5,robot,1,1.3182221778652103,6.776586736128575
5,robot,2,1.2183250462853112,5.06329931620633
5,robot,3,6.9426243564288646,5.811166092209024
5,task,0,1.9977565166005762,8.041245261822628
5,task,1,7.154071296158016,7.389840039155418
5,task,2,1.3105775155731325,1.237538036503446
5,task,3,9.275625510065076,3.9757819382494066
5,task,4,3.0094869178093973,4.885840453515334
5,task,5,6.628642127635825,9.5562325704697
5,task,6,2.8644622688205503,9.248084293120272
6,robot,0,5.551980423268247,6.339751116810851
6,robot,1,1.058974037507533,1.4033959706391264
6,robot,2,4.191143193163038,9.662319121431818
6,robot,3,5.960425532343728,9.330232216002113
6,task,0,8.043609156129708,4.673816015552915
6,task,1,7.847634492521874,0.17836783976987736
6,task,2,1.0914399676573494,8.294286148827364
6,task,3,7.968170883251617,2.3264074196643367
6,task,4,5.307695905990535,6.060158207000109
7,robot,0,6.031071573387257,4.1257156927368035
7,robot,1,3.741840434071827,4.258820863735099
7,robot,2,6.519310255799741,8.674906317523249
7,robot,3,4.538968820762998,2.478395629513581
7,robot,4,2.3666236299758117,7.460142802434464
7,robot,5,8.165687634239104,1.0527807985412496
7,task,0,0.6655885695517816,5.944336637564518
7,task,1,1.4617324419269828,8.246641904563413
7,task,2,3.1033467392407443,1.4387193297114265
7,task,3,9.209704724874502,1.6553172273527816
7,task,4,2.8472008233793558,1.5361339519205863
7,task,5,1.1549006366535497,0.21148016336440034
7,task,6,0.5539540916426011,1.746414709358527
7,task,7,0.5338193262717539,5.911438161109713
7,task,8,6.807145267995064,3.936304568320282
7,task,9,3.179910969520494,5.045262370222301
7,task,10,8.750049422346086,8.51131626822206
7,task,11,0.43475062012791943,1.8149840959652408
7,task,12,2.36744871104396,2.493875758322118
7,task,13,5.712326517427727,4.162624257031923
7,task,14,0.49254119927593987,3.736141384595716
7,task,15,5.2375294871763725,1.0167190290371597
7,task,16,8.334585537885598,0.5196186646510426
7,task,17,9.248418690180621,0.991131415798755
7,task,18,8.435749515977527,9.026531439276171
7,task,19,9.795706805865926,8.020258802735935
7,task,20,7.794775407713289,6.424832759955477
7,task,21,7.78996354578129,1.3455220841314708
8,robot,0,5.142228701904145,8.575721441225575
8,robot,1,4.627993655935159,3.850894961003535
8,robot,2,6.395632712371101,2.6646331750084604
8,robot,3,1.3976841095395687,4.778772740237458
8,robot,4,4.16889368594885,2.325699405288737
8,robot,5,3.67511810115128,3.663924498262474
8,task,0,3.2749556441254546,3.79464079726929
8,task,1,6.8574334545594535,2.968764745712853
8,task,2,9.488579267153405,9.16348019538178
8,task,3,4.809104283000786,3.283612050046888
8,task,4,5.354347898300031,8.485604887736246
8,task,5,6.52587340560102,8.043918279470773
8,task,6,5.327222760657402,6.329176292676207
8,task,7,2.881556141824617,7.348931623102908
8,task,8,2.0240459312571835,6.947981288184982
8,task,9,8.60719068325894,1.3210283730154393
8,task,10,6.143797405419198,0.9509574822993461
8,task,11,7.257156282714269,0.8449321882352023
8,task,12,9.35939822700626,1.3740793003780216
8,task,13,9.588802459090804,8.008841760850967
8,task,14,5.936820044663541,7.826241046295469
9,robot,0,9.460270628173303,2.533833538391872
9,robot,1,5.900758953583091,0.9504919756440122
9,robot,2,6.161657000241213,1.712913040927888
9,robot,3,5.649506114724419,5.7243051403384975
9,robot,4,4.659851529812274,5.226317755131228
9,robot,5,7.6392339000658795,7.992447165120666
9,task,0,4.921532155754291,5.995934415226123
9,task,1,9.31236235690102,1.1973358850112281
9,task,2,1.171035659001105,0.8770901191076841
9,task,3,6.5786328504052785,4.186083007903795
9,task,4,7.743214161418432,6.7123141330859255
9,task,5,3.3363775832823817,8.983665473615357
9,task,6,7.625321470706523,2.705349409101757
9,task,7,3.6419201777205403,3.1443998020426287
9,task,8,1.5761164862499966,1.4778337254219165
9,task,9,9.361274633757441,4.379040371987532
9,task,10,3.8331982277740986,7.296857086773779
9,task,11,5.529930652528999,9.361399868384622
9,task,12,7.803014939093922,4.793695641245403
9,task,13,3.763594734808262,9.86631544924322
9,task,14,7.177602360036435,9.511946600038412
9,task,15,1.1847857721704136,8.505336791907826
9,task,16,6.370738839912075,1.2192167833511258
9,task,17,5.882579999692207,6.8609636510544885
9,task,18,0.12302685888602838,4.543179618417465
9,task,19,8.253995111963212,2.9535902534408986
10,robot,0,4.423141270678932,3.019273914424916
10,robot,1,9.184418955155543,7.812940354315159
10,robot,2,1.105884109961105,9.97034657837573
10,robot,3,8.792000243077453,2.83908437864039
10,robot,4,8.368965796609382,1.0641953187138287
10,robot,5,9.991047304742386,6.656847361065369
10,task,0,6.50125015558797,0.9044072698413275
10,task,1,8.970333988966253,0.28999503204469423
10,task,2,2.4082805804114704,1.43021875166635
10,task,3,7.767679406922186,1.9820422721289788
10,task,4,9.106382271308853,6.5626903932749014
10,task,5,0.36162710494696215,0.054298341287004614
10,task,6,0.5165791701439892,6.059251776477277
10,task,7,8.014818108594152,2.385528206273885
10,task,8,8.494088429230729,0.5723194015326039
10,task,9,8.009638536416762,9.277954301722804
10,task,10,7.721083991043805,6.9812078397863715
10,task,11,8.379802186553832,0.4015129954706642
10,task,12,2.017821107190554,1.2492367930564308
10,task,13,5.0453099019298655,7.451881283288445
11,robot,0,8.51131099761935,1.5521299244109088
11,robot,1,7.346210919351615,1.930414908689041
11,robot,2,2.7075875131780025,7.0990469728130385
11,robot,3,9.802047848986819,6.115436059770696
11,robot,4,0.545003149912956,6.163089699275329
11,task,0,0.42350551580167095,8.841457113668172
11,task,1,7.0957828510062075,1.7312784642250323
11,task,2,0.9172100582419807,1.8353322888031898
11,task,3,9.800271795541924,4.585606424584898
11,task,4,7.84080948341408,6.364083421077769
11,task,5,5.724131499586374,1.451302546650497
11,task,6,9.460244535580951,3.0134263251471793
11,task,7,5.7801721580754215,6.997759445890662
11,task,8,6.492331552453089,9.405944096955185
11,task,9,1.48438989920058,5.083527384469421
11,task,10,4.04034390740766,4.741687294826181
11,task,11,1.1921752619774462,1.3409460987276534
11,task,12,2.7807554578125737,3.047046037608313
11,task,13,4.2790321368135,6.1098754703662825
11,task,14,6.34629117418263,4.118108965855702
11,task,15,4.087831094286971,2.1762852669696198
11,task,16,5.8830624840900825,3.170409113172379
12,robot,0,4.184000441568604,4.741326750901703
12,robot,1,2.25592868204211,5.724579331221157
12,robot,2,5.657719004319209,7.020021811103714
12,robot,3,6.4794848220121,6.524330565210316
12,robot,4,3.162141518240431,7.874322219859539
12,robot,5,5.491443835996794,4.314181951798901
12,task,0,6.260124809410571,3.606573344502543
12,task,1,5.127392446067582,7.367056884822203
12,task,2,8.864028867237078,9.210571972951916
12,task,3,5.036329251830992,5.2027511474056904
12,task,4,7.998704107638365,3.144506917442013
13,robot,0,4.9414164651742345,1.158567243352684
13,robot,1,0.720591470729437,8.419932110394631
13,robot,2,0.555679169068779,2.806114361336559
13,robot,3,3.341300405015458,1.729944451915938
13,robot,4,3.1389336980198923,7.426925667250856
13,task,0,0.14682843560070769,8.271734245206865
13,task,1,8.565480235745582,3.722615731915482
13,task,2,1.536128990606348,6.008404079450809
13,task,3,1.1967255586489434,3.6491936107825254
13,task,4,9.584291809009724,9.95464472583637
13,task,5,7.7210489135458555,3.1096150992076623
13,task,6,6.876650491660925,7.054063654840127
13,task,7,3.8784169516364972,6.408886345861594
13,task,8,0.10727644975676243,2.0905765860224146
13,task,9,5.250883029672612,1.6375130425829587
13,task,10,1.6590686787653364,8.363042905502379
13,task,11,9.891330026836055,5.559694280284484
13,task,12,8.390697308817135,9.903216643262725
13,task,13,1.415958885687747,4.482456132543511
13,task,14,3.925727158419199,0.8004928364618502
13,task,15,7.553301727947445,4.33779027322593
13,task,16,4.693269341904013,1.5067297381324019
13,task,17,1.8092665223086812,9.07103622156215
13,task,18,0.44649088974278883,2.3285228494370624
13,task,19,2.9205933031452833,4.901975424015864
13,task,20,5.864451730147959,4.932899758506666
14,robot,0,2.4366745405571355,8.435883847625412
14,robot,1,6.375887004784591,6.491490501342744
14,robot,2,6.70203255351355,7.629030190395291
14,task,0,0.5810848172144734,3.6660838493261236
14,task,1,5.395274352616787,3.3845648329732603
14,task,2,8.444788732871865,4.825725085872939
14,task,3,7.686275894593791,8.52015516881169
14,task,4,5.047914829034981,9.095522438713498
14,task,5,5.871239405369806,8.502742988337218
15,robot,0,4.988169585314852,5.314110410045777
15,robot,1,1.0497971589607058,3.9855250670154065
15,robot,2,9.17337672551676,6.3083224036474235
15,robot,3,1.7750658243696749,3.38855635609605
15,task,0,1.9160300966269983,0.2482313179857254
15,task,1,9.274604585040267,4.482073282568715
15,task,2,3.0753507242078615,5.984771915577366
15,task,3,0.07314456293015636,2.7802210660081386
15,task,4,7.030334656988925,6.337697730692629
15,task,5,9.818059475425354,6.203577096580441
15,task,6,4.775058736277328,7.614325631840076
15,task,7,9.033278719640531,7.206959467183516
15,task,8,9.632112235493796,7.820051707381772
15,task,9,8.668014382619265,1.141040711836372
15,task,10,7.324135029937877,4.400886995273686
16,robot,0,6.541024094823568,9.698151167055695
16,robot,1,9.845780814316246,2.8822824548790527
16,robot,2,7.337534974379162,7.499835379352686
16,robot,3,3.464928613130488,1.2386977486422102
16,robot,4,0.4094696028571976,7.773431275291785
16,task,0,4.896997418169059,9.855401694949261
16,task,1,4.649734561936531,9.779169790738402
16,task,2,4.1157600219405985,7.936821505599726
16,task,3,0.8481927231183206,5.554617101377639
16,task,4,8.020597869857243,9.247016672198887
16,task,5,8.225830906174316,0.36970727201174225
16,task,6,3.727023413067342,0.4869847231385127
16,task,7,1.09282291114558,6.753056286674841
16,task,8,7.132581963116982,7.737206827516263
16,task,9,8.654565480556629,7.3943146847650985
16,task,10,8.00871592106632,0.48963709823279244
16,task,11,2.345351504412986,6.218977733752458
16,task,12,8.581253046248232,0.045001249396591225
16,task,13,5.146293421163498,6.772873993643972
16,task,14,0.2960728912861321,4.013555575533879
16,task,15,8.956348813836968,6.7161280885585875
17,robot,0,8.527811296319127,3.480314234095143
17,robot,1,8.533446711440595,2.989436511189055
17,robot,2,5.90320250883149,3.969400677478341
17,robot,3,2.7482505075506705,8.865575621718692
17,task,0,1.8759368193949133,0.848115912357631
17,task,1,3.4192693854566034,7.1763914764156755
17,task,2,8.074316059762817,9.987433700667648
17,task,3,2.963620570111649,4.079419511312822
17,task,4,1.368212780296263,5.748719296230336
17,task,5,9.975800372629172,7.008810101206585
17,task,6,5.952128404133718,3.92369092921794
17,task,7,9.152987602855548,4.969165961303494
17,task,8,1.343669133130615,3.6537846319913347
18,robot,0,2.0197903768878156,0.17668780999912204
18,robot,1,4.532799165001634,6.345402649517972
18,robot,2,3.4329246237890776,4.203817715052772
18,task,0,9.59209272844576,7.519631215749155
18,task,1,5.408566369449512,2.8454087511182524
18,task,2,8.969967987729952,2.350971168806595
18,task,3,3.2534273051667704,9.090648144229485
18,task,4,5.295420552850723,7.423179494179767
18,task,5,5.9074479416376615,6.5343920900949515
19,robot,0,2.4137206162666294,3.224923471686653
19,robot,1,1.5544156408342247,8.743143652908074
19,robot,2,2.832469332501141,5.614893944143846
19,task,0,7.919744251413741,7.838241093757135
19,task,1,4.3838625858419284,4.762573085867256
19,task,2,9.947017489350248,6.745974769790241
19,task,3,8.146384431178827,9.02553969219232
19,task,4,7.875898362293392,1.8517934495356758
19,task,5,5.621707337375722,1.0189415731454488
19,task,6,6.529221265639984,9.553494281878109
19,task,7,5.127320643001113,4.329724928677672
19,task,8,0.35842751418163177,9.597745223292204
19,task,9,1.0300268413015878,0.41079093304846936
20,robot,0,0.6553043391838242,4.551178424117623
20,robot,1,5.160878012571124,3.1256994902858395
20,robot,2,0.5096048257488606,1.116003682492267
20,task,0,3.8450437798992807,0.6052845082653613
20,task,1,6.981897256099135,2.07020541524812
20,task,2,3.020715687836385,3.941257771780975
20,task,3,4.166096330691479,0.016607076748005323
20,task,4,1.1207037099869754,8.627645637408781
20,task,5,0.01233062511908134,5.081673558128751
20,task,6,4.895020065072081,3.330941610106378
20,task,7,4.313270201464496,7.805811375265844
20,task,8,8.412037062149565,2.6034854341525007
21,robot,0,2.4248285302833272,4.798634005510651
21,robot,1,6.83258357658813,2.2825287546342055
21,robot,2,3.3073574205486667,9.303846175891504
21,task,0,0.48569289846958075,4.607696052395662
21,task,1,7.115580415967778,1.5045401155747407
21,task,2,0.47374020005481854,1.3820537163853075
21,task,3,9.18823193530683,0.09259781821123414
21,task,4,1.8832197481135182,0.3128351290164455
21,task,5,1.1062946756220327,6.201492866282963
21,task,6,2.416389087390858,5.692120504306768
21,task,7,5.901953827661261,8.494353330897791
21,task,8,0.047413929118739206,8.533694593423668
21,task,9,6.19119086426974,1.627434861049576
21,task,10,7.72937388135284,8.554915417905857
22,robot,0,9.187936809026809,4.544574302986578
22,robot,1,6.034244543333215,9.846495336176437
22,robot,2,3.615360786391993,8.131593458201129
22,robot,3,3.1839911782845967,7.99213522241491
22,task,0,6.007339188626425,2.163556952254014
22,task,1,4.140260937892364,3.176356343635617
22,task,2,0.7810839308036388,0.29834770099697483
22,task,3,3.464786554071809,0.1903414781748658
22,task,4,1.6548775758177503,7.251833208508688
22,task,5,7.080912356835879,7.385803864573827
22,task,6,3.171531711299788,8.900194571176955
22,task,7,5.938305480284476,1.2602634174662652
22,task,8,1.4371866145553414,6.930954269297015
22,task,9,1.7294393644207806,5.072927015820433
23,robot,0,0.04007604733339498,0.16579801897556923
23,robot,1,9.930845819305066,5.846388341341655
23,robot,2,1.2690997551851313,8.973021997540936
23,task,0,8.803803001276922,5.3620041311137525
23,task,1,6.217920298607566,2.7318719150087634
23,task,2,0.5051969637200515,5.945676088908644
23,task,3,2.94755193202763,6.6362104666035195
23,task,4,8.362451768426013,0.18160543914364058
23,task,5,5.957137746857274,2.3128053968685225
23,task,6,8.738884979038014,2.536645065618285
23,task,7,6.107701332354183,5.535408400896115
23,task,8,3.961665000592489,6.776207635997941
23,task,9,7.257696347154338,5.669377953193868
23,task,10,7.584222371847541,9.834170759929377
23,task,11,4.192723879008051,5.145830518855309
23,task,12,0.12469877941213237,7.960285563103784
23,task,13,5.202300670459938,4.079614303605652
23,task,14,0.940719630893958,8.896564216753973
23,task,15,3.9500724004055643,6.8258159820922035
23,task,16,1.4937415636815077,9.615496295410326
23,task,17,1.7844176182183091,1.9954199289949037
23,task,18,8.589828605577138,9.125827441419311
23,task,19,2.121474075233014,4.6980088817482795
23,task,20,7.334949045628298,8.783657338108016
23,task,21,3.790526950373052,5.170194868494292
23,task,22,7.417164105197349,7.3113597665279535
23,task,23,7.829601300260849,5.699338186415264
24,robot,0,9.039732908780401,8.655725393210282
24,robot,1,7.98097435818333,0.9986247716072949
24,robot,2,2.043973670814292,7.436003651076519
24,robot,3,0.23140094581946435,9.792246337072797
24,task,0,3.771446803556807,7.193125336908236
24,task,1,8.875710884880434,3.9462988815008226
24,task,2,3.1913248859966603,6.087411288982468
24,task,3,5.8098937374805075,4.091399776247972
24,task,4,6.017747558677085,9.353813695664947
24,task,5,4.676402566265965,1.9674218075063132
24,task,6,3.772059828830039,3.9410698259311863
25,robot,0,1.628715005545549,6.845620733936773
25,robot,1,3.394777542089027,9.548983918558076
25,robot,2,2.4359674535860742,0.9892450510482231
25,robot,3,7.535045630002579,8.810360519178701
25,robot,4,2.7811335687148784,2.02088101645478
25,robot,5,1.8576613487108717,5.220123013665123
25,task,0,4.684166412467709,2.5943983985453425
25,task,1,0.4517311698942639,4.814913403262807
25,task,2,9.593323476356083,6.525192007526632
25,task,3,4.955065566286184,1.1069207402961612
25,task,4,2.524362905495873,2.9477394957454273
25,task,5,7.648035526072343,8.767107972646194
25,task,6,9.016418535664384,9.845686082507541
26,robot,0,9.529991327679815,0.7182214050288438
26,robot,1,1.3779353592780519,3.044665264760329
26,robot,2,5.5289825406446145,0.969778887054793
26,robot,3,8.457969578021425,6.167561790773091
26,robot,4,5.4236440230220495,1.6531132336729115
26,task,0,2.5325547440019736,1.6031202498225805
26,task,1,8.519331577947986,5.842278600612182
26,task,2,7.351294275196334,2.9603286291002573
26,task,3,3.7125263708827716,4.0485496442653375
26,task,4,7.600149717440349,7.723529876745681
26,task,5,2.068135275140317,9.41538856738099
26,task,6,1.206553374436864,8.961220824236303
26,task,7,1.003956456498093,2.645398111513111
26,task,8,8.46478536067957,1.7949207234608744
26,task,9,4.135679313099699,4.498592999441263
26,task,10,2.4525897302320967,7.102452013359866
26,task,11,8.513346494022038,8.745751398555718
26,task,12,3.3932214573656094,5.308503942878144
26,task,13,2.484064038656515,2.4479650155014543
26,task,14,1.6125406285192412,9.400190108075147
26,task,15,8.879888286055799,7.773587133276923
26,task,16,5.17661521287729,4.906079155118719
26,task,17,5.297456661824979,5.3656801357708925
26,task,18,4.345630846976904,1.3175483289206746
26,task,19,1.2566385286853599,9.522497158456833
26,task,20,4.820307595863506,9.53205524905189
26,task,21,1.6357687771010998,5.544165520399336
26,task,22,2.0771725335153923,2.531846061266015
26,task,23,0.30054578761178785,1.1895331074021132
27,robot,0,3.215329914823317,6.081292119145916
27,robot,1,4.65014131989273,4.004512452452783
27,robot,2,5.318860913460681,1.8723894461534152
27,task,0,9.886038985195766,8.18307868703863
27,task,1,7.416146327315153,4.687592970139525
27,task,2,1.5287712212633597,9.206658582735677
27,task,3,3.4138706738172764,0.5010668969693377
27,task,4,3.4240367681062867,7.944570304958844
27,task,5,6.227087449882082,7.508385847448596
27,task,6,7.936353838623774,2.119546110805426
27,task,7,9.237833160931801,4.379896029203726
27,task,8,6.390136492641646,0.023087725867420028
27,task,9,9.93368498411178,2.808963859641551
27,task,10,0.6206310654015523,4.58262041536514
27,task,11,1.2903005718204175,1.523267101575757
27,task,12,6.322828130302102,3.929273915702333
27,task,13,9.21852450154995,3.1915649460807005
27,task,14,7.261801283839011,4.610994301549076
27,task,15,6.599513011292788,5.996953567159904
27,task,16,4.727839727589982,9.500610946244372
27,task,17,3.4271364275495584,1.7723550124927256
27,task,18,6.780940608798282,8.460075613079088
27,task,19,0.4025373993992376,4.496326884226805
27,task,20,8.924876896873263,7.496186189228675
27,task,21,9.918077164976282,5.314138115972438
27,task,22,6.599957188011513,3.0248028113792813
28,robot,0,3.6633548855653633,7.385107126866286
28,robot,1,4.03140204119082,5.618189300629993
28,robot,2,7.197825350215462,5.089341517513542
28,robot,3,9.070863269095085,4.193009879278103
28,task,0,6.470717981433252,3.423624333000541
28,task,1,4.081566682310131,4.4005010823355235
28,task,2,1.2580701831228525,0.9172367905900669
28,task,3,6.674899231467579,6.5551773834305225
28,task,4,6.629097142100953,0.19766445342691674
28,task,5,3.265468426717799,1.9780984725919692
28,task,6,7.781514225440124,8.606304013961301
28,task,7,2.466803772261473,6.678491588479863
28,task,8,1.2936280345827444,2.7515252560171333
28,task,9,1.3865449623341952,2.835207665992292
28,task,10,6.7473654734927795,9.103269101852526
28,task,11,2.02522407924186,5.420790349507191
28,task,12,7.013911012434323,9.529224684855658
28,task,13,6.100604828871738,2.5510693102738067
28,task,14,6.254781569139363,3.2049116167801617
28,task,15,9.761283906917077,3.9967613516363687
28,task,16,6.854277207610142,0.2322758234675848
28,task,17,4.000614461347554,8.751076133225116
28,task,18,6.102274444332458,4.439428863959764
28,task,19,9.359374994357259,8.53984376147229
28,task,20,3.2221567382293825,5.445484020413396
28,task,21,4.898242560924627,6.322025001148623
28,task,22,3.341112669587556,2.4420500076588825
29,robot,0,9.238744994985064,8.43322885761979
29,robot,1,9.782044307645613,7.449915257796885
29,robot,2,7.646672285619997,7.625900919626407
29,robot,3,4.806076309423065,4.564521945142717
29,task,0,2.4022627614900314,6.448191943592905
29,task,1,2.8932013610233454,2.5780840970235444
29,task,2,5.8596137409605475,4.099823882250432
29,task,3,2.188566087946322,8.160560167528311
29,task,4,8.60569919294376,1.6769951967778096
29,task,5,0.07507032799999869,3.361299685293737
29,task,6,7.975108356807525,8.391738662343244
29,task,7,1.3832907011604922,7.743359011830512
29,task,8,1.1570416730942945,3.9006259015652924
29,task,9,9.986095150119159,1.9259082323090981
29,task,10,1.5396358257762643,4.228003325467935
29,task,11,6.196685259698614,9.329007824132532
29,task,12,9.808211455330342,0.6964063659139463
29,task,13,1.3799751734790533,7.907379738959939
29,task,14,2.7063215227086044,8.848490595063605
29,task,15,6.634532572290867,1.1184480238067718
29,task,16,8.325292849240071,1.7635638000807585
29,task,17,4.234953946796538,5.5218492855933
29,task,18,5.007661490802783,6.861629156151504
29,task,19,6.526867348692552,9.920420055280548
29,task,20,9.994219092241877,5.16459402635641
29,task,21,0.9519908696086399,7.278432989687183
29,task,22,9.766640782165892,3.1832638762902032
30,robot,0,4.247769248154559,0.5141915455692936
30,robot,1,6.722644312234448,3.533376950684678
30,robot,2,7.874638746315022,8.32120075281986
30,robot,3,8.212307865978454,4.166659980398801
30,task,0,3.215456822408995,7.488207796670548
30,task,1,8.01389433842723,4.9125744639136615
30,task,2,8.930310195363031,1.4390869607855827
30,task,3,8.790687796589602,0.9609523297188127
30,task,4,1.535255220546139,5.338400132739603
30,task,5,0.6751848018741502,0.5280710140011036
30,task,6,0.005187441657055203,4.363166596942632
30,task,7,7.746238812922298,0.34838350279915664
30,task,8,6.522576064658554,8.231273174161865
30,task,9,1.6800084857787112,1.4686373482140425
30,task,10,8.60800973620536,8.231246099500947
30,task,11,5.389417662641868,8.191998792939803
30,task,12,0.9275607742449477,3.944815179387544
30,task,13,7.377975561063729,2.574519593239634
31,robot,0,5.041786043908139,7.502659879482331
31,robot,1,4.6467963785732955,3.679043402218176
31,robot,2,2.1918921647863234,2.08379341435015
31,robot,3,7.51490810571396,1.189103480339605
31,task,0,0.8598235011094513,1.7629136502213016
31,task,1,1.7534651145392188,8.231076228068998
31,task,2,3.985066234742124,9.903884573604824
31,task,3,1.3721125779061238,6.535398256936434
31,task,4,4.487295072012506,3.9291817669707396
31,task,5,8.750841990540824,9.755956458283997
31,task,6,8.728589587741787,1.9230067903513304
31,task,7,2.2079792120893407,6.560738790950634
31,task,8,2.890835816381917,7.347251307805799
31,task,9,5.664206508096447,5.50908768490403
31,task,10,8.285469248387859,7.105327717426778
31,task,11,0.265777649972917,0.49459137146015686
31,task,12,6.015584524560157,4.861920756222755
31,task,13,2.601846553429914,4.186560873148016
31,task,14,7.579103187328605,8.266114846579299
31,task,15,5.612230678900442,3.8536948085710296
31,task,16,2.70696761495107,5.219184707692534
31,task,17,3.14749618564381,5.640951370472229
31,task,18,6.766523825096376,0.6607921091939484
31,task,19,0.010674650227472382,2.1227713884074295
32,robot,0,6.462907632285591,1.7196035193702286
32,robot,1,8.902639618236188,4.6995594028734
32,robot,2,4.760917566786606,9.355419438426551
32,robot,3,0.5948669218334002,2.1517827462871852
32,robot,4,5.857713251547224,1.9548650958200409
32,task,0,6.795270092089578,2.140922893367202
32,task,1,0.9915697059881434,2.069851596408397
32,task,2,4.227340342720622,1.7613829917307988
32,task,3,1.346920249233473,8.602818862189409
32,task,4,3.203972035973078,3.607586865182536
32,task,5,0.5527040950122764,3.5736962350205417
32,task,6,2.6480717732157966,6.104850673417886
32,task,7,2.053902976724067,8.883654530628405
32,task,8,9.296666209195552,0.9983105717679019
32,task,9,1.0740295628857721,1.1532643811098797
32,task,10,6.19569256310312,1.2196896420962289
32,task,11,8.523823179302664,7.542715149378925
32,task,12,8.19808858238024,5.260605268860209
32,task,13,9.966772115191535,0.4417510294416127
32,task,14,4.012649641861134,3.2393666893763617
32,task,15,9.486454987126411,5.768609584975929
32,task,16,8.061909654447252,1.7034119365851885
32,task,17,9.786341439004389,4.986395468763152
32,task,18,4.936720762706458,9.708847285457377
32,task,19,3.8073236121714507,3.9752502455499297
32,task,20,5.847527028049367,1.2805261054778694
32,task,21,3.210856264118549,1.9320832244513053
33,robot,0,8.661446063310201,5.89331166127476
33,robot,1,3.586727915279112,4.086693773667128
33,robot,2,4.315190036873546,6.331491821447094
33,robot,3,9.267693914889932,9.327796196569825
33,robot,4,3.914919795306634,3.2926245959776956
33,robot,5,4.51046500185255,5.679342304284925
33,task,0,4.618179114497483,6.587534098167009
33,task,1,5.543990233797636,3.207155466940761
33,task,2,3.457308057626326,3.7859278755973094
33,task,3,0.9463976824938869,1.6606263241397312
33,task,4,7.231138021453861,3.8909671152208003
33,task,5,2.1453897256014365,5.626724105748573
33,task,6,7.5553954247342725,2.5742236234537144
34,robot,0,9.275048596250496,5.973945290738407
34,robot,1,6.689476589915796,0.5257599032305538
34,robot,2,9.455198910219064,3.924847342649438
34,robot,3,9.239004005454298,5.789775247502425
34,robot,4,0.046187988433276095,0.38541999323435716
34,task,0,6.8041880566992194,5.6266801383193314
34,task,1,0.26532437206074344,7.434599612223853
34,task,2,8.521453370691818,4.9641748243930826
34,task,3,4.65757440357255,0.054731088346274825
34,task,4,7.866497124935993,3.307160667461054
34,task,5,8.787636197825396,3.7306058755805305
34,task,6,5.650779106307056,2.7034178819932753
34,task,7,1.6058831258491868,7.749079033813279
34,task,8,4.965904788462816,5.364879237522508
34,task,9,9.654159534817355,9.635799122221536
34,task,10,8.556421217024035,1.8760929276503358
34,task,11,5.942726943015799,8.781474246555375
34,task,12,3.744639364489377,1.0110616593558497
34,task,13,8.109629022399218,4.817635513621717
34,task,14,5.643926803591786,9.821442963178445
34,task,15,6.072114304940721,4.249793856661014
34,task,16,3.6998436784719777,4.176192926540456
34,task,17,1.1839908317866876,7.947505584175718
34,task,18,8.37716858187041,2.8439713457340887
34,task,19,3.037966184099441,8.743342563348133
34,task,20,0.23970355527955456,5.204574437672277
35,robot,0,6.901267695784598,1.6339170014945448
35,robot,1,6.6833074079515375,3.7673400787487643
35,robot,2,6.187147781696421,0.4009500987277592
35,robot,3,4.617271971845094,5.222508939823721
35,robot,4,2.143264028549866,1.396236541791207
35,task,0,1.884743030123014,3.4414107806334804
35,task,1,0.9681014930497145,9.473197957296044
35,task,2,4.049940614958173,8.08969602506749
35,task,3,9.744171231088467,0.8073528000273911
35,task,4,6.51669467934994,8.71409086741214
35,task,5,6.342344339667283,4.2902612135741265
35,task,6,4.310763576379383,0.3589888600735891
35,task,7,5.346007512892753,9.935429967868474
35,task,8,9.587075259719342,0.4039922884216318
35,task,9,7.057970036294882,3.017648666969308
35,task,10,9.029891534061367,0.45114745709278536
35,task,11,9.358741020110806,8.374757437877768
35,task,12,1.1750438225260151,0.5982433731729919
35,task,13,8.347076643269359,1.5575767097457938
36,robot,0,9.157448578787095,5.674481135493234
36,robot,1,3.9723330147282407,4.450160548539922
36,robot,2,0.6311717070387102,9.687523213615988
36,robot,3,3.106541850810828,1.8936349167285382
36,robot,4,2.860473018403953,9.64373194891479
36,task,0,0.94286053488007,8.673030405011813
36,task,1,7.0784389440144775,8.300191791590281
36,task,2,9.758975403678964,8.42154655516872
36,task,3,9.43382351277853,1.2693525679091977
36,task,4,7.9578856516697005,5.456756940810478
36,task,5,5.4349559507986065,8.989215763205136
36,task,6,9.718038186467112,7.04838323043181
36,task,7,4.829383894717839,4.564038579018454
36,task,8,3.863414572231818,3.6159902957266263
36,task,9,3.915068416844314,0.8975323525119527
36,task,10,0.7743608526043821,7.798698438723117
36,task,11,4.460728929202261,9.306844885446205
36,task,12,6.122210085939525,0.3517598218441975
36,task,13,1.5752334131747947,2.058197930130076
36,task,14,9.757360243896606,2.187042261516349
37,robot,0,9.361769316401961,9.771927299143574
37,robot,1,2.363604353835446,0.4911764375004013
37,robot,2,1.536018325377585,0.6332847870255809
37,robot,3,1.951242410923364,5.685697147037354
37,task,0,9.124487962956419,5.3721888369434
37,task,1,6.259895566990807,2.0186725160954113
37,task,2,8.0058362067385,6.177889085055832
37,task,3,8.641368291927249,9.48843107005784
37,task,4,3.479007757565923,0.9057905853543935
37,task,5,2.2592895791678247,4.3784156567583725
37,task,6,9.456936518244733,3.783098223734153
37,task,7,7.7077321366537,5.40476692170755
37,task,8,1.8280877043097654,3.207341189534516
37,task,9,6.531918850228187,6.728533946848935
37,task,10,4.347597468090462,2.2864560266211464
37,task,11,7.219067795126763,1.6887304161271477
37,task,12,9.366696918651266,1.879035790364767
37,task,13,1.0731236283252044,4.976477023653788
37,task,14,5.19549598109694,5.081929147782448
38,robot,0,9.948148928296083,4.862806126705818
38,robot,1,4.77946580739831,4.217660627145613
38,robot,2,0.668257547014629,5.929566311496161
38,robot,3,2.279677722231824,6.376089802290499
38,robot,4,0.5083346194847715,9.813871012530017
38,robot,5,4.690050790126722,8.967553715906984
38,task,0,4.755611732329347,0.6033081857422173
38,task,1,8.22213546093807,6.481837296671343
38,task,2,7.817570475739451,4.281698635088733
38,task,3,6.3793674424664495,8.562290037966076
38,task,4,6.310654428718875,3.476736348359033
38,task,5,6.625295943661999,6.718541886140673
38,task,6,9.60586962506625,3.709123215416692
38,task,7,4.250817675141311,8.121229611870591
38,task,8,5.057623147427412,7.36573093115733
38,task,9,4.597094644535921,2.1549514181270046
38,task,10,7.452038427810108,1.3115516918470993
38,task,11,1.9858366353130807,6.268249827842086
38,task,12,7.472698001920698,8.94687886867815
39,robot,0,1.1072425860055435,9.560466595226291
39,robot,1,1.5442308802214244,1.9766698225463952
39,robot,2,2.913294535584657,5.293913540262874
39,robot,3,8.82825566034078,7.6054602272986696
39,robot,4,7.0815755384263515,1.7518056785600367
39,task,0,3.5768263152597424,4.784049260866779
39,task,1,1.4742595348558585,2.734297021266725
39,task,2,3.0833320395284423,1.2727619832903925
39,task,3,5.502396919082576,7.050281965241929
39,task,4,0.6993163147686121,4.811231017631497
39,task,5,7.82211195267795,7.479901289524468
39,task,6,8.150730962187541,4.48240633170607
39,task,7,8.205570826398606,2.4075307121426945
39,task,8,3.6081056141751535,1.763555764178013
39,task,9,4.674845394285718,3.920600224154432
40,robot,0,7.517807092307816,3.1384677211164655
40,robot,1,2.7280433014583574,1.3089033085049506
40,robot,2,4.388217018019487,3.02964628837302
40,robot,3,3.692728413409686,2.3599726262055265
40,robot,4,7.6315548981990045,9.300033473547174
40,task,0,4.979318527888877,6.429984233408326
40,task,1,8.67172276606706,9.988296373336587
40,task,2,6.135164847298321,8.897794665398687
40,task,3,9.08608246555642,7.914514878076223
40,task,4,4.609313910731102,0.8115400042389931
40,task,5,0.15805555440133845,4.772006332829246
40,task,6,4.943145335346177,4.073623878629723
40,task,7,5.681673512913646,5.521627033044271
40,task,8,8.36613041032693,1.0865710326226241
41,robot,0,7.930049789596304,8.478368672236545
41,robot,1,9.948242136208679,8.729120163870842
41,robot,2,8.898990070723311,3.1434794262990486
41,robot,3,4.016616340093764,2.6808510482055103
41,robot,4,6.062993981927156,9.388053542070384
41,task,0,3.4464088651161773,5.570017818814502
41,task,1,2.9629963045348506,1.697999737727075
41,task,2,1.9518552981865567,0.5794534453812994
41,task,3,9.492935230092574,4.028796085076296
41,task,4,8.341208920021081,6.8132947268969115
41,task,5,1.919211614110854,1.7546224657908782
41,task,6,8.119882015105448,2.6471171061953735
41,task,7,9.132851837019757,1.4005540468949063
41,task,8,6.777086144544695,8.14473876030934
42,robot,0,2.7620736345656605,9.645188861392016
42,robot,1,2.645976053461583,4.2995704990004775
42,robot,2,4.325155932423661,2.530347499296836
42,robot,3,7.7579108643709045,7.718493432291552
42,task,0,3.7831801422378564,8.351257910807337
42,task,1,2.130749343990024,0.04305775667678646
42,task,2,5.71167362055741,9.940777724523786
42,task,3,0.38644309826884604,2.0799807370846057
42,task,4,5.189146424870842,8.099407364448707
42,task,5,0.8904200507505322,3.9523465375889435
42,task,6,7.470758006298864,3.7154320840636155
42,task,7,1.8883642047563898,1.9549582739658733
42,task,8,4.1004878691499425,4.794170748058911
43,robot,0,6.4225241856799355,6.904019545155014
43,robot,1,9.82987171535907,4.118434403009737
43,robot,2,4.0335440324912835,9.233469677258123
43,robot,3,2.4587558700505863,7.298152463028666
43,robot,4,7.545731382181346,0.9778799744544309
43,task,0,4.68231405693584,2.00562471321554
43,task,1,1.8537527280248567,4.638281104628762
43,task,2,2.8942970750806496,7.960604476258709
43,task,3,9.076048913904824,8.027206052883656
43,task,4,2.6603087262166527,2.741343936886084
43,task,5,2.5472835011746744,1.3503809605623607
43,task,6,9.437983681037112,4.020477981570694
43,task,7,2.2468947454587376,8.466710505082435
43,task,8,3.991953026577905,0.3511681110966658
43,task,9,1.6194157024963118,6.3925034035617
43,task,10,7.8290527417172395,2.1093438848871293
43,task,11,9.173955892661422,8.509971200521644
43,task,12,8.48380754061081,2.276611467992141
43,task,13,0.5053598865005771,8.674235394825837
43,task,14,3.0580022873856736,6.189163811735259
43,task,15,7.5996688370073,1.2829325851112017
43,task,16,7.8083835451904795,9.385114589610659
43,task,17,7.2837496574640905,4.412227484805581
43,task,18,8.766781387517028,5.27457630072559
43,task,19,7.447709278167541,8.20505943858604
43,task,20,7.4935286169900595,2.8785487604815394
43,task,21,1.1784390090583108,2.3833852936206013
44,robot,0,5.052769222930959,5.8264434931453755
44,robot,1,3.9510183754789088,7.868913814500277
44,robot,2,9.131537503472078,2.4672505347947125
44,robot,3,7.36523217701888,6.779718525450447
44,task,0,5.23090499279315,1.8853023387416024
44,task,1,7.952322585827095,9.606262856288327
44,task,2,7.218363322336135,9.178599966257341
44,task,3,9.841852649479998,3.520506742392382
44,task,4,6.382235529263369,4.73932737638078
44,task,5,9.8662874686323,0.9380782400772492
44,task,6,4.123749142972246,8.755390445272361
44,task,7,2.8405131052651544,7.877928506388727
44,task,8,3.8278316278025573,9.799785398901582
44,task,9,8.835298364237076,3.0132035766261533
44,task,10,7.701931135378551,3.368565438332687
44,task,11,6.063628402155351,6.58480768393292
44,task,12,8.29595409085705,0.2445084088201488
44,task,13,2.2015789115229967,7.119178105885787
44,task,14,5.635232369695373,4.956050782011431
45,robot,0,3.482758834614562,8.651002319106484
45,robot,1,0.30892837036032184,3.964362353648121
45,robot,2,9.451482876707725,0.5088073454501463
45,robot,3,7.497057510446368,2.5761261618203646
45,task,0,8.666088321536725,7.460679789593651
45,task,1,8.85705170858363,2.15924790431266
45,task,2,5.31292754818605,7.792699435748007
45,task,3,2.45699742994981,2.3074630526721696
45,task,4,0.27182133497585026,9.585152939754524
45,task,5,7.100168800546234,6.355603540101848
46,robot,0,5.316129186954393,4.761338210904103
46,robot,1,4.495322411235208,6.4043921210364125
46,robot,2,2.015349753923832,8.880586950148697
46,robot,3,8.117523712192652,3.4956361145203383
46,task,0,5.786092968125244,1.4102729995001462
46,task,1,9.72346247933598,9.028926876302835
46,task,2,9.218975064992005,3.321630477034516
46,task,3,1.6913470738285574,2.1177216346631034
46,task,4,0.9000139104508986,1.2011063010138434
46,task,5,0.7130453418484539,9.898230692048735
46,task,6,0.7405768336907359,1.3254208095141362
46,task,7,8.272545955907365,5.802402167429431
46,task,8,7.744172045693324,6.30912007772655
46,task,9,8.82175070328948,6.384675277647406
46,task,10,5.221250929031509,7.127496937612997
46,task,11,4.473927517921094,3.4606382290473467
46,task,12,4.676524524502125,1.6971410509856066
46,task,13,7.965717298026914,2.6070378133594465
46,task,14,1.5353154633704746,2.4635224178322677
46,task,15,8.420701517722398,3.3020129559773137
46,task,16,6.860498695059002,8.564096306557392
46,task,17,0.7774466692504212,7.6502440517804295
46,task,18,3.0766546637903005,2.1662236418404266
47,robot,0,9.097966227332337,2.9501920871239538
47,robot,1,5.68833805384319,2.8983411384949154
47,robot,2,5.542855857264279,6.218620306543405
47,robot,3,6.103353887901798,6.235463696427459
47,task,0,1.3507979221752409,6.935404695867195
47,task,1,6.747503563802233,6.825881222168832
47,task,2,0.7407055273870633,4.468388424141526
47,task,3,4.090351320457297,0.8671148364319914
47,task,4,2.223679278968107,4.409626317980368
47,task,5,7.429063098580823,2.370620769846632
47,task,6,8.297499101249116,5.457982857394635
47,task,7,7.604216851846175,4.725559833368571
47,task,8,4.991942254222233,6.197193893796403
47,task,9,9.279706081658242,4.9181258141291
47,task,10,5.28657538108291,6.019969635275295
47,task,11,7.375151372977258,0.7185033548623432
47,task,12,5.156874385219721,4.815915892060435
47,task,13,9.216849842375703,4.935065804363411
47,task,14,4.68320534694331,9.62199988534702
47,task,15,4.5057646360088155,1.8088443032209034
47,task,16,2.169161228057883,0.9518753833697413
47,task,17,0.005681292589444498,4.319456610004819
48,robot,0,7.334664427998359,0.32149087802850196
48,robot,1,5.699829035940329,1.54283125413476
48,robot,2,9.410762847646973,1.6736499964417928
48,robot,3,6.266392176974815,3.2623836216405677
48,task,0,6.415613259643522,4.122585964640751
48,task,1,7.5964305230639475,2.306791253278578
48,task,2,9.0579185291426,5.0020964931335214
48,task,3,7.560931477128529,8.49730191401227
48,task,4,9.98828610954805,2.2394566559395823
48,task,5,2.8689241356345487,2.5043308673188824
48,task,6,2.6287133215978264,5.824447415393774
48,task,7,9.93522523145843,9.902780870927545
48,task,8,5.2677323136230765,6.390272102646738
48,task,9,8.599705437016059,9.32933458453505
48,task,10,2.0386062732954393,5.285417289424529
48,task,11,8.328370546615123,3.0320207663459167
48,task,12,4.398090424804667,9.85621101512008
48,task,13,9.85046696720871,9.061068107651817
48,task,14,7.984483448280576,2.6913050072280575
48,task,15,3.208500740671875,5.472828412048747
48,task,16,5.607773745620122,5.05502819357067
48,task,17,6.366702799163061,4.0832302263298885
48,task,18,7.49174157315533,3.3354992647835537
48,task,19,3.3067699694635255,1.27225961891828
49,robot,0,8.505208789213576,4.462823385804415
49,robot,1,2.278677865528338,7.593411000223874
49,robot,2,5.539811258168594,0.21156011423293486
49,robot,3,3.163614573367152,1.7700141112134105
49,task,0,6.558728609828406,2.7503104063025283
49,task,1,0.6494677920994363,0.5493498919766926
49,task,2,5.817272979587149,0.21723455704089623
49,task,3,8.487921131360887,1.5539711925727562
49,task,4,6.0656633519542975,4.446880280107457
49,task,5,4.4285152123190255,0.7179714236004586
49,task,6,8.027522502122157,8.930524847532526
49,task,7,0.11016667384228462,1.7860417569711773
50,robot,0,5.494936128000582,1.5003957824821013
50,robot,1,2.0279045260915884,6.599862442371141
50,robot,2,7.24816822246873,5.994268085799352
50,robot,3,9.531483799125258,4.940636036617771
50,robot,4,3.002719121425267,4.772329099757965
50,task,0,3.5966629366661094,2.244158926746863
50,task,1,0.45963249340140067,3.5221249356512416
50,task,2,7.114093477097423,0.1843780287519381
50,task,3,4.391785132059347,6.440094014498684
50,task,4,6.104041091743072,7.766484358887159
50,task,5,8.105197156597976,7.117058209193878
50,task,6,1.0279769614474943,4.750224440043606
50,task,7,6.034059574876086,2.455660388094516
50,task,8,0.42551817646776513,2.235903208760469
50,task,9,4.548944017326388,4.139303190546009
50,task,10,1.7666698132716163,8.244155426834928
50,task,11,9.256866687367246,2.013483190527152
50,task,12,9.295729155672216,0.17860959175180824
50,task,13,9.249624727069454,9.51928790080908
50,task,14,0.12051863015925202,7.6301929677674805
50,task,15,9.702015725698434,9.059022188177783
50,task,16,9.70710161196213,5.5032350569763935
50,task,17,0.7815613988538828,8.497891978050362
50,task,18,6.138282558090116,6.14736744188289
50,task,19,4.172536098586862,5.718419765211092
50,task,20,1.5357977908611453,7.397700265661503
50,task,21,0.7501730735154233,7.29780767043792
50,task,22,8.48978422624854,4.724686775644882
51,robot,0,3.1221427292207826,9.694585837255875
51,robot,1,7.331244745595454,3.6898855330034497
51,robot,2,1.7480738623300507,2.1957959220209133
51,robot,3,4.6392228611005,9.42568400314338
51,robot,4,7.341463457609181,2.152437481791498
51,task,0,8.59561133418898,3.7820052300968108
51,task,1,8.517221827525187,2.4169959798113094
51,task,2,6.1866061193631765,9.266704880812819
51,task,3,2.5789400914779415,6.929265905858549
51,task,4,9.873126199571438,1.505982872430035
51,task,5,0.884022907006744,6.741951924448162
51,task,6,3.397359477490304,0.7124447736659112
51,task,7,4.753056178836042,7.537706796439557
51,task,8,2.851224004151888,3.3504687750513473
51,task,9,8.45699400646972,5.200719122614881
51,task,10,8.42731968806472,4.463894921437095
51,task,11,9.529751615601034,6.507945897177367
51,task,12,1.1589886531924942,8.850929882268007
51,task,13,4.892651908307978,1.4163896797290498
51,task,14,1.5269013384142072,6.875339351098718
52,robot,0,2.8659376491381328,1.397875904698681
52,robot,1,4.410774296172843,4.1435377199436125
52,robot,2,5.218764346888559,2.796363291025302
52,task,0,0.32043589378177195,6.1438610653518575
52,task,1,3.7371800288235137,6.513349987400464
52,task,2,1.0866697080426846,0.1377735529405033
52,task,3,2.4829424788529275,4.5654732299405225
52,task,4,3.940719741684673,8.103025552734664
53,robot,0,5.304411796030789,5.935155924421922
53,robot,1,0.21831391645811604,5.15133376846189
53,robot,2,3.4483125939883785,4.212801276832546
53,task,0,1.0028739849525026,7.828205656486452
53,task,1,9.424042508085225,0.22268820629600006
53,task,2,6.013727628113479,7.638440672883581
53,task,3,2.8480758864988944,7.8755558486321675
53,task,4,6.323550507663013,9.2916263227107
53,task,5,9.810048113537729,0.42346113998704804
53,task,6,4.449377610270062,5.469877875782182
53,task,7,1.4674323320765248,3.362858304273617
53,task,8,9.876474477564617,0.16230456342471444
53,task,9,4.525079315243841,8.426546217181961
53,task,10,3.239012627192884,4.797985027551533
53,task,11,9.7804574578798,4.748768364757039
54,robot,0,0.5172149166639106,9.454165724399484
54,robot,1,2.658094132750657,5.040639065645509
54,robot,2,0.907017660899686,4.236551205506051
54,task,0,9.301055192501241,5.024129936309384
54,task,1,9.711351518023278,2.5883563723739966
54,task,2,5.045452397039371,8.595307918093253
54,task,3,4.482523545537438,2.794873735701896
54,task,4,8.554753634178816,3.89889468872609
54,task,5,5.307232910602341,9.765270664151457
54,task,6,1.864832947558639,3.0140063672018567
55,robot,0,3.9183770991005273,2.0018343058485955
55,robot,1,6.800349354078914,1.8132145876585237
55,robot,2,6.748127524058697,2.634754281893177
55,task,0,3.552178341211998,3.488606520463975
55,task,1,7.167517501636094,4.66509263138343
55,task,2,3.6129889885268307,8.526227190394499
55,task,3,5.719506256412027,2.138308212779978
55,task,4,9.000912781436826,3.426502960336406
56,robot,0,4.946002239744529,1.239380544408778
56,robot,1,2.3846644371574257,7.47110872687411
56,robot,2,1.3075181337631858,8.069442243540356
56,robot,3,9.369072881309537,6.065321004079447
56,robot,4,7.1035919202282924,7.135866099074174
56,task,0,9.92807957270445,3.415382622016229
56,task,1,1.6285655124270249,5.191672349143214
56,task,2,5.332498098317082,1.7791248829614448
56,task,3,6.131094189941395,0.1412473347682397
56,task,4,9.276684024542215,2.6457427782126164
57,robot,0,1.0824944147485704,2.402489482796417
57,robot,1,2.7390616860604524,0.3280999949772867
57,robot,2,2.7935481219372917,1.9294173649348212
57,robot,3,3.786209274345186,3.851677373559692
57,task,0,3.390077406028791,3.27923883530704
57,task,1,0.8973127774125123,0.2520494712616217
57,task,2,2.021143001564666,7.566494274166153
57,task,3,9.90809765551122,9.28526175057329
57,task,4,5.042193555377686,5.318238557779342
58,robot,0,7.739394386376563,7.647566879326487
58,robot,1,8.442723575824445,8.955045771968845
58,robot,2,4.343492482252957,7.668755681071976
58,robot,3,8.063987287958787,3.084596224977502
58,robot,4,9.2924224400615,0.9434150263965546
58,robot,5,9.942691791632829,7.700907181588694
58,task,0,0.9327090532432725,6.562296481050006
58,task,1,0.34179410928260157,7.701869494441828
58,task,2,7.992229216590553,6.024102530914477
58,task,3,8.568603919165705,0.978832802148597
58,task,4,2.759238420408132,4.141775215926705
58,task,5,0.4245795282809828,4.482160875711662
58,task,6,2.65213456112566,3.92735012101753
58,task,7,4.2510263199230645,8.794117334876852
58,task,8,2.703409705276391,8.93743128716272
58,task,9,4.259709648128492,3.27807720693986
58,task,10,5.02512049335146,4.177432863628397
59,robot,0,5.026793247960669,1.5180173307883127
59,robot,1,3.519299430229661,5.657902193740906
59,robot,2,4.134082443898586,8.239123610507965
59,robot,3,2.5672176153516624,9.6977157883101
59,task,0,7.847220208513513,9.675930259974722
59,task,1,8.381365548303041,1.4210392585164267
59,task,2,5.264600906350138,1.6997852119578571
59,task,3,8.182273526272573,5.841621491832959
59,task,4,2.634493143569058,9.295989720071713
59,task,5,1.1518605331426068,5.63862403471314
59,task,6,7.210405546667254,0.5884853733243178
59,task,7,5.978560332062036,8.159012154630942
59,task,8,0.6752731441805337,5.122429711066271
59,task,9,2.5855717814874,6.629244515369209
60,robot,0,9.370514306705068,8.947285817147318
60,robot,1,1.8597441987570917,3.232658843651046
60,robot,2,5.876349746530431,7.1806233663425045
60,robot,3,4.426560151602582,1.5629132196097506
60,task,0,1.0415149380287159,9.997653369143439
60,task,1,4.5535212144348725,8.725317491484981
60,task,2,4.823760046291144,9.223576385460033
60,task,3,0.877593827715506,1.1401919133455096
60,task,4,9.296321877242242,9.47493045044785
60,task,5,3.1471744746536334,3.5516488699387185
60,task,6,4.52450234834758,4.161616800672908
61,robot,0,8.983753839393746,2.5330760070564375
61,robot,1,7.052724094776516,0.6715567773497289
61,robot,2,0.38751331528429467,6.537304725769206
61,robot,3,3.3901585757326034,6.554593927200013
61,task,0,0.9402120216883036,9.498513799158633
61,task,1,7.485144668930954,8.762672330257992
61,task,2,1.3647055404451092,3.201609688928694
61,task,3,3.683441642063441,5.371726483268185
61,task,4,2.9686848550741427,0.6063074218940512
61,task,5,3.688783807374707,2.5454931462728214
61,task,6,3.8592129146321485,1.9695954262002624
61,task,7,2.6189637456473545,6.269523404322688
62,robot,0,3.4538339316949207,5.339056327223729
62,robot,1,7.718605408439258,3.7886795634795725
62,robot,2,5.8751949255584055,9.662026253681763
62,robot,3,5.219801141180507,9.097975765175445
62,task,0,7.936726242564269,0.5871868165014971
62,task,1,4.290988714692569,6.983184078685881
62,task,2,9.867119124481999,4.583762911615126
62,task,3,0.9278545412673944,5.620091747128678
62,task,4,1.265637921239603,7.515195602793934
62,task,5,5.076769974617779,7.234313683772865
62,task,6,8.693618268785237,6.289480171627772
62,task,7,6.124393292531815,7.545702954396313
62,task,8,8.424550014526673,8.690537862770027
62,task,9,0.36430195682883304,5.561902967977893
62,task,10,2.1626930979755143,8.603458907817833
62,task,11,6.483976852033612,4.202224790324381
63,robot,0,3.390236259198265,7.037776945402245
63,robot,1,2.0435954521163877,0.9358294533837275
63,robot,2,8.88028758227551,7.642103495801168
63,task,0,1.9979493065813259,2.9231154342999166
63,task,1,9.720701771308857,7.081844867591174
63,task,2,6.105220042138248,3.0762848542413037
63,task,3,2.9912514416652227,0.39523618690230466
63,task,4,7.284818669019314,0.43175225056884536
63,task,5,0.04857337777279036,7.294950878609791
63,task,6,9.488737571491253,7.565030477273105
63,task,7,4.716401906243787,4.8604524956087305
64,robot,0,3.2464366711033366,5.217142141858401
64,robot,1,4.31150957141115,5.981678800407747
64,robot,2,8.981200805010944,9.950094173238103
64,robot,3,0.7874328988291712,3.846834726613414
64,robot,4,1.8070619576680946,3.521204739255337
64,robot,5,2.87473018548423,1.745371316267883
64,task,0,7.640760534212905,4.962887428292358
64,task,1,9.192455822172258,0.3259244324701449
64,task,2,0.6697801313198992,4.032735829303441
64,task,3,0.8027732040403712,2.627295964148335
64,task,4,9.860297430766236,2.0895960748461406
64,task,5,1.981177414120907,5.736406687957091
64,task,6,4.979982907931567,5.804382972028447
64,task,7,3.767352782085467,8.26762359894947
64,task,8,1.3858055144246284,4.283926458414657
64,task,9,6.897618484440871,8.682364402828997
64,task,10,3.695716063567577,5.677455990937528
64,task,11,0.691399450072615,1.7031908811182894
64,task,12,0.6913816246611448,7.278808919985219
65,robot,0,7.2374529019183775,0.6639827904327456
65,robot,1,8.625478004083254,8.355301981110916
65,robot,2,0.8892874305028264,0.23756506457186521
65,robot,3,0.5628881298199118,8.53630173146734
65,robot,4,2.3470348905189575,5.482733178581887
65,robot,5,4.262442031800568,7.955255262286021
65,task,0,4.888983014706706,5.006608406612697
65,task,1,9.890919394999024,1.501295567492571
65,task,2,8.307039387459314,0.5174974560388479
65,task,3,4.776487695729708,8.863348239330236
65,task,4,6.6521396560412125,6.852146193661329
65,task,5,2.6331728225648554,4.185747913614542
65,task,6,3.665810634990505,5.214432101579942
65,task,7,4.622279301436682,3.2689835187698932
65,task,8,3.0548061237117006,2.5085289165512217
65,task,9,3.6504724688475845,1.4994147793406065
66,robot,0,6.021193918334273,1.3378642559385545
66,robot,1,6.938593342090014,8.476664679979732
66,robot,2,2.375356720522589,1.5060059433726392
66,robot,3,0.08617257133752054,0.4725033885648511
66,robot,4,7.6225134830351156,9.871863320416939
66,robot,5,0.448803224762766,7.480709590798926
66,task,0,0.7186216584096006,5.921328249036668
66,task,1,7.560752824282378,3.5920439726773767
66,task,2,0.10934721110663737,5.951893521254259
66,task,3,9.912446281400278,2.5761742283849576
66,task,4,1.8949127718721581,1.2392589275351495
66,task,5,5.552556199000561,5.964450993602734
66,task,6,7.922708371704024,7.530732736205097
66,task,7,8.925414947950872,8.057726983423013
66,task,8,2.4726708307944447,5.558774048757611
66,task,9,2.9741195909358,3.2978537955150244
66,task,10,9.319443692299963,6.818959050670736
66,task,11,9.745904132511058,4.169125367187445
66,task,12,5.3743757335397655,4.871154199164217
66,task,13,1.0728705752372691,2.3670199452660334
66,task,14,5.276363606044821,0.6737430513300624
66,task,15,9.314619293088892,1.238436819433708
66,task,16,1.979807464169071,7.653212239386366
66,task,17,0.9693454178931371,9.002780996154094
66,task,18,7.257009707225356,0.686208571088589
66,task,19,6.918470612856529,6.316285421713178
66,task,20,7.573494327399186,8.281978524893358
66,task,21,7.183505631731551,5.86176295270972
67,robot,0,6.972736618299291,9.569715846307794
67,robot,1,5.8752178052887425,6.643448684342539
67,robot,2,4.371280421998007,7.561208097430744
67,robot,3,9.97667392338636,1.603893240677361
67,task,0,2.024052795037623,5.394377586643895
67,task,1,4.813753972616582,5.715697845067188
67,task,2,0.4907404772427304,4.042764563304489
67,task,3,5.8297826206556085,5.851913513049627
67,task,4,6.573339617683736,7.202160290026638
67,task,5,6.415472033408566,7.90243155389435
67,task,6,6.247606346845917,5.375076625372045
67,task,7,6.061964288878109,1.0119336675333235
67,task,8,2.7315654072552,5.273997806581312
67,task,9,8.729872154017071,6.79051556287993
67,task,10,0.9040807847189758,5.9227495044440435
68,robot,0,7.340165597887229,8.274408525087471
68,robot,1,5.934562725899734,5.913626097517097
68,robot,2,3.38591443210814,4.462500211613094
68,task,0,8.641083538153454,7.233203309671565
68,task,1,5.197536596958431,3.6823238624837096
68,task,2,0.5037973828855435,1.4300740132638512
68,task,3,1.9302518953937065,3.7338354325867473
68,task,4,9.441436470762746,5.051533948587487
68,task,5,2.348401632592311,1.0575013746151407
68,task,6,3.3830552460296404,8.157306355510569
68,task,7,3.833427934105079,7.725058060224135
68,task,8,8.027049761268788,1.1082076969870414
69,robot,0,9.590960633711108,4.021380749035539
69,robot,1,0.5094408900302227,9.233026902578786
69,robot,2,8.836662815724829,5.221414472090018
69,robot,3,5.522531203440097,2.117411027761249
69,robot,4,8.194507555446373,4.986000383921264
69,robot,5,0.3387779514255651,6.830149564489978
69,task,0,9.504962698027061,8.291504903457502
69,task,1,2.771981402105398,0.5332508493334065
69,task,2,9.403514125381806,9.370627248797014
69,task,3,5.324153197128694,6.4231741167153515
69,task,4,4.626000607108082,4.197653670987586
69,task,5,1.1944843592870036,0.9675289836109602
69,task,6,2.327321466761875,8.366407464065443
69,task,7,1.4583230073567999,2.2669865191471072
69,task,8,5.486140593222075,2.151312180782744
69,task,9,1.632066847177871,5.633162416979623
69,task,10,3.6809327099661546,6.261592858404692
69,task,11,9.122053404086763,1.5099313143506765
69,task,12,9.13433659813064,9.024899674229186
69,task,13,8.290875833359028,6.312859173060852
69,task,14,6.201466574655474,6.392126599365016
69,task,15,6.904955512178131,0.16482200596157015
69,task,16,9.580925791606496,5.856037614655798
70,robot,0,3.7728183906136312,0.12397213915795957
70,robot,1,5.09734659876444,5.07190119315929
70,robot,2,4.369892883114518,3.397170541620768
70,task,0,2.4982608780972204,5.275448744971828
70,task,1,3.752781396934941,9.699318830498086
70,task,2,1.7292730776693144,3.1966556762708698
70,task,3,2.9396047092457103,5.43309176235957
70,task,4,4.992802569741479,6.437404654242731
70,task,5,9.500017705742078,2.852210854938674
70,task,6,6.927715692549965,0.25040203005183614
70,task,7,2.6238847273362453,4.637197279965928
70,task,8,0.3099478848113446,6.176694605536389
70,task,9,6.783106084017082,7.467317148380467
70,task,10,5.165745048430122,6.039446649786266
70,task,11,3.9606525127848724,0.41253032506562537
70,task,12,0.9995185577451304,6.5499592420146415
70,task,13,9.955552995857763,0.1580323916329618
70,task,14,5.575834968263828,7.510087528825578
70,task,15,8.267748280138786,5.452049012226401
70,task,16,6.199159801841051,6.967249452745534
70,task,17,8.589662496934306,1.2228953720281865
70,task,18,9.261821962748634,0.26017403551570006
70,task,19,8.361997509577753,0.7674042655969726
71,robot,0,0.03894146381132613,4.452567055360407
71,robot,1,3.3435922671739227,1.6599291148702733
71,robot,2,4.510901608039063,4.023708831721838
71,robot,3,7.676610326987415,8.931303060700325
71,robot,4,6.525672517670818,1.2441038872652388
71,task,0,2.9539079470985063,9.133182968322798
71,task,1,0.8873449300788916,4.068558393908265
71,task,2,9.425046192334813,9.506648414694856
71,task,3,4.112031770488924,6.673968880987974
71,task,4,4.56745598353999,7.5346053943634175
71,task,5,0.3158133069299851,1.4415714892135845
71,task,6,6.141988035435992,2.325522624430636
71,task,7,6.660522992691486,3.5122292746129835
72,robot,0,8.192593855599865,4.928378000687822
72,robot,1,7.7289508709485775,2.711378862350904
72,robot,2,4.942597768118626,1.9748205186327816
72,robot,3,8.608861685209938,8.230676165684148
72,task,0,9.021496684090012,8.774769812242594
72,task,1,9.595962620594948,2.2833623163192596
72,task,2,9.318242907953154,5.712131913519976
72,task,3,4.224950839181521,5.60373895967873
72,task,4,3.4260235665027783,2.885530069609521
72,task,5,2.4131433797752875,0.8242798945712682
72,task,6,4.965648971471874,8.877616757138874
72,task,7,6.301519692743847,5.209756327557735
72,task,8,4.2859291825091645,4.6440162631719195
72,task,9,2.0927734757195093,8.229358771930972
72,task,10,1.9838296328152805,7.16622756727313
72,task,11,7.5998501149615265,5.748690420277343
72,task,12,8.629263749548285,2.9105035245065003
72,task,13,8.816172212428633,7.2941045959930415
72,task,14,7.987498277617608,6.645797095273141
72,task,15,8.463430169899693,9.93098862717636
72,task,16,4.201628545246386,8.139156837095703
72,task,17,7.445797595180336,4.52870165712018
72,task,18,9.26948999732512,3.944259295725947
72,task,19,5.654659162762376,1.0594235699096155
72,task,20,2.2577519406626623,8.406961705337606
72,task,21,3.9655272282884733,3.940840894152582
73,robot,0,4.9161033429745435,8.058169613506225
73,robot,1,8.951641177737397,0.7011443204418388
73,robot,2,5.748207312401155,4.672733678923345
73,robot,3,6.142818504715784,4.4727568690826915
73,robot,4,3.986448208534151,4.7188071242948935
73,task,0,5.819991287564141,5.009832110317768
73,task,1,4.721444510206462,8.178353099580807
73,task,2,7.456479912378578,3.413784941811928
73,task,3,8.005771175153205,8.536506690045002
73,task,4,1.534922053741905,5.8268246173075875
73,task,5,2.8531199359921375,7.3917232192672255
73,task,6,2.3878532935868324,6.714035241730318
73,task,7,2.551246560576339,5.111437634299431
73,task,8,9.486464679161921,3.8130753845643452
74,robot,0,9.869445812038947,8.748508488051632
74,robot,1,1.6586602972334286,8.196582195351631
74,robot,2,0.3214939510056125,3.9330188369930785
74,task,0,8.707333733178638,6.8875221275991985
74,task,1,5.3274042733787805,3.878640250826205
74,task,2,8.12296946470286,7.095584039482209
74,task,3,4.684053196156733,8.924843372096598
74,task,4,2.299480178186324,1.7039150915862489
74,task,5,6.4280376433358155,9.719943427017704
74,task,6,2.472565733067703,2.496703789338265
74,task,7,1.3949884796218992,8.605635552736322
74,task,8,2.263975404113341,5.031785267248878
74,task,9,9.908724780022046,0.12140900922043563
74,task,10,5.564860905107941,5.122890427049458
74,task,11,8.074473764101548,3.5528153955277695
74,task,12,4.103413588990415,1.6793798059886367
74,task,13,7.408152316357866,7.847089091881482
74,task,14,1.3666332077883026,3.9345707398832177
74,task,15,8.92904995362683,0.027072736757871585
74,task,16,2.9875907062263227,5.550422850525477
74,task,17,3.340938596599533,2.720451891776694
74,task,18,4.600374849032126,1.8152310810969374
74,task,19,5.296252409594838,7.066959213132259
74,task,20,5.752949526285022,0.931093308585309
74,task,21,8.444086141655733,1.7497783748748819
75,robot,0,3.6056511077585043,7.827613480561023
75,robot,1,2.062729034053458,1.866621036954298
75,robot,2,4.970258462174822,0.32936014698360494
75,task,0,2.252973387823334,7.240122521843483
75,task,1,8.373834783054255,0.8078536393781044
75,task,2,8.820777094381043,7.97517204053179
75,task,3,8.696842957069654,6.984285545788399
75,task,4,6.741530672939647,5.250932333448638
75,task,5,6.52787224491315,9.191096645666052
75,task,6,1.0052200141670842,3.157644778460912
75,task,7,0.7245497359587183,9.448051719440384
75,task,8,4.45265465999388,6.753444706761885
75,task,9,8.411200645043214,9.910002480764886
75,task,10,1.6178245779226574,7.995126057182286
75,task,11,8.874228981367363,0.4887537685087562
75,task,12,7.540905601855734,3.5472532119655034
75,task,13,6.48596791470432,5.140481960388648
75,task,14,2.5974225208663695,1.3522136200398605
75,task,15,1.169472330892083,1.033228577084917
75,task,16,6.377900401345777,3.5141085139953807
75,task,17,2.166334382058724,6.91885092705903
75,task,18,6.868495657664669,5.391682923569977
75,task,19,9.349578168658509,3.854142314414213
76,robot,0,0.7513940793219631,7.398310940385045
76,robot,1,9.8844741383193,8.465982162878168
76,robot,2,5.796647193100593,6.267660643271606
76,robot,3,3.532895494369468,6.794852182581039
76,robot,4,7.703953831813271,9.98228481117854
76,task,0,4.92462917000433,0.6130406577344227
76,task,1,5.958579507309852,1.190241499821686
76,task,2,2.4476504355611004,3.2877991130573725
76,task,3,7.310298731484107,1.8380812387850054
76,task,4,1.6575294684235253,0.44964242498827467
76,task,5,8.732399363538809,6.935054243560606
76,task,6,0.3994646561762649,0.2829230563811458
76,task,7,5.58674296475056,2.8253440128671103
76,task,8,5.967263504319288,4.346041756809653
76,task,9,9.233125623102547,2.878090149613679
76,task,10,6.7914536843889355,0.5405431161859919
76,task,11,9.558605341889253,9.807574679083523
76,task,12,7.390746290164124,4.652124715635732
76,task,13,2.1999343932726134,8.125163402479647
76,task,14,7.363540971470223,2.2195403956094903
76,task,15,4.512152941572657,4.62798937816785
76,task,16,8.26410549972709,6.8384468433407655
76,task,17,6.431675435400551,6.498274225632784
76,task,18,2.704700793824789,3.71711259829534
76,task,19,0.4566228543670614,7.869411358121238
76,task,20,4.329982151698139,4.382383570875735
77,robot,0,2.094272814594289,5.878219295690292
77,robot,1,2.325530152036758,0.6420885156546441
77,robot,2,7.675074159808983,3.7646943440636593
77,robot,3,3.8023558389930443,4.313182815157913
77,robot,4,8.150448234080939,3.2083689593981712
77,robot,5,7.58036211257836,9.395448407795433
77,task,0,6.608681959247994,4.316810811770246
77,task,1,7.477897231466647,4.578973697513855
77,task,2,4.144272711081408,5.2528316357268325
77,task,3,3.177223348092938,1.042502162800012
77,task,4,4.148520055261652,1.2385688112930193
77,task,5,4.104414735554467,5.569337212134503
77,task,6,9.307111812056467,0.3622233104530359
77,task,7,6.214584065019442,4.577351866500773
77,task,8,0.20261128204139167,2.4954817593872036
78,robot,0,2.1679414573144475,2.745702434609182
78,robot,1,4.013063353821963,5.290393934888903
78,robot,2,0.009899939263861013,1.618693606287408
78,robot,3,0.9356638560880071,5.496733992627437
78,robot,4,3.290748704012698,5.483977360347181
78,robot,5,2.2182330217467783,0.24229354087584865
78,task,0,9.413669012702467,1.0830812118899402
78,task,1,1.2685874796171681,1.465468265101405
78,task,2,9.812765239932727,6.176602401699961
78,task,3,6.102899517038506,9.866982015185297
78,task,4,0.8843876927465477,9.74500892542289
78,task,5,2.040131465540409,6.230715035620355
78,task,6,4.200835653027917,3.839518134771782
79,robot,0,1.4922772844025645,9.970690110762435
79,robot,1,3.791250610915485,6.4877490388855446
79,robot,2,9.6790673148336,0.5760105037897478
79,robot,3,9.228643629251906,5.678113853543433
79,task,0,7.043968789774523,1.4918418388634835
79,task,1,5.333874308310323,6.735137147252437
79,task,2,4.562473073876818,1.5498517810605672
79,task,3,2.441190750855766,8.543927909934986
79,task,4,0.3447099283276278,7.088620784408124
79,task,5,9.993900365145269,0.07482996106766615
79,task,6,1.6104568281993992,6.741443008931345
79,task,7,0.5999083458534826,5.897899838558589
79,task,8,6.840001035610561,5.881463481140702
79,task,9,3.6518470302106723,6.97282295986639
79,task,10,5.942944280138205,2.076371720939197
79,task,11,5.6313554358510975,8.819072171389275
79,task,12,6.6683328569045,4.717915073938471
79,task,13,3.215841028694512,0.8588620943757286
79,task,14,2.4462713275902868,0.11186753086876888
79,task,15,9.866259175249644,2.2248225212873995
79,task,16,8.148759426853726,1.686448818049786
79,task,17,2.836011496055739,4.182773192283667
79,task,18,3.244056641416051,7.983508127598611
79,task,19,9.576934080154231,8.752944836508485
79,task,20,1.5357786694775655,7.766886763492903
79,task,21,1.4794691330471144,9.133811065621014
79,task,22,5.178785756685784,3.3638108805670672
80,robot,0,0.11809088179004612,2.4794699166088474
80,robot,1,9.14020063281312,7.972621922722275
80,robot,2,9.697937077507195,1.0076152112137304
80,robot,3,5.921787435056695,2.571504740307766
80,robot,4,5.429417057724074,3.2045488556345516
80,task,0,2.8346555024335753,5.738453020245975
80,task,1,1.833181618695403,4.691334369721169
80,task,2,6.508122650440348,1.2818207318280406
80,task,3,9.30594270876904,5.057246994541248
80,task,4,8.195279718843423,6.539054306210633
80,task,5,7.100009412225456,7.16130940992838
80,task,6,8.750998970614726,6.136054350469241
80,task,7,2.782171517213896,0.9950964286545716
81,robot,0,0.6635280377058106,2.412934516895302
81,robot,1,0.6070718460191171,5.488875890065671
81,robot,2,1.6033812494286803,6.104073194334733
81,robot,3,7.908651308632676,8.218807207718623
81,robot,4,3.0954350813762743,5.48954532694496
81,task,0,5.63010760086359,4.728871821541666
81,task,1,6.551138914247648,2.1008712382353356
81,task,2,9.792432395867943,0.9807982709093244
81,task,3,8.292211412031191,5.940959869511878
81,task,4,2.448547471937159,7.456750006602998
81,task,5,0.8448089567707195,7.744178344487831
81,task,6,5.899852222430136,1.107503183964016
81,task,7,0.7950556309237022,7.508363334364625
81,task,8,2.929359065038372,8.893018507672135
81,task,9,7.62073021030176,6.981902447177161
81,task,10,2.7860605263345093,7.089445190216179
81,task,11,9.48147684514834,0.9155983437056892
81,task,12,3.26162642003566,2.3467226546159417
81,task,13,3.932501344006667,7.423326548539464
81,task,14,4.742425814253865,5.707306061202463
81,task,15,3.1415488807834233,1.4128926708710055
81,task,16,2.6693364893772853,8.59680301241987
82,robot,0,3.7798867319723373,7.899059817355876
82,robot,1,0.6445743245490876,2.538910879223857
82,robot,2,2.3010315405733928,9.85364562168222
82,task,0,7.060985823927602,6.177859363885542
82,task,1,0.049849652944728984,1.8431000208985737
82,task,2,6.355412929730782,3.7971932648166575
82,task,3,9.242803836790609,7.647242191417579
82,task,4,4.4738407280412,7.495149775382704
82,task,5,9.754043238262216,4.609808247014707
82,task,6,6.425258878885334,9.186646150612951
82,task,7,2.4867466203617328,8.865579136662783
82,task,8,0.9754470677298266,6.4844817058764646
82,task,9,7.828381550557843,6.146062192524261
82,task,10,4.95534804152543,6.17347099925686
82,task,11,1.5166370877944457,2.1557071033021833
82,task,12,2.6989934395634196,5.977793406300381
82,task,13,4.419010737450705,2.4447584248583953
82,task,14,8.8280933214458,3.739218402932234
82,task,15,4.460317192298912,4.097010765489946
82,task,16,1.8194295527675264,7.316270154302334
83,robot,0,0.16257109892718447,9.640137023597969
83,robot,1,8.157636115954137,7.235593540918033
83,robot,2,8.69091870518529,9.068072536055503
83,task,0,3.3748970638443865,6.109586784166986
83,task,1,6.088078092055942,2.67299668810597
83,task,2,2.219522514470672,1.1390725481902209
83,task,3,6.593141959164528,7.809189910307799
83,task,4,7.6095297951700385,3.1627537718497436
83,task,5,2.052598504652022,4.536141784546219
83,task,6,5.468134602405106,9.190871279685558
83,task,7,8.748231542740541,9.160583313018277
83,task,8,8.502623851359797,9.645812044363112
83,task,9,4.654999971690574,0.4747349743309437
83,task,10,0.8356203214847824,3.9027614177234318
83,task,11,2.576870912729973,1.6994059136106732
83,task,12,9.532037745086486,1.9541958841062246
84,robot,0,7.6083884032120705,6.409456721252234
84,robot,1,6.760189600893783,3.31474323659124
84,robot,2,6.464270380582821,1.866921182812653
84,task,0,9.377054325359795,3.017933399605935
84,task,1,2.5518651229354217,7.1116279819415755
84,task,2,6.564487180661819,4.512989183433053
84,task,3,6.324462346907863,1.5949307176085614
84,task,4,6.733283074019551,2.7061069519519387
84,task,5,2.728359766764573,1.6217993494378458
84,task,6,3.323771350361646,3.312510603113281
84,task,7,4.541790117022693,1.904195046663495
84,task,8,1.9300753615876631,5.417385716632284
84,task,9,1.2887740467047515,6.8889700798883515
84,task,10,9.439471258625966,4.267956216643782
84,task,11,9.011053131506767,0.9831659112586444
84,task,12,0.4295762737564457,7.213688775138399
84,task,13,7.610215729814965,8.430582409657513
84,task,14,0.5681767839998142,7.769070549568305
84,task,15,3.7653873279658177,3.033376326821986
84,task,16,1.7302392134329692,9.96015755102527
84,task,17,0.6366358931886362,8.270080146079994
84,task,18,6.394944354905276,7.350804442618672
84,task,19,7.117171199217964,8.584344850731826
84,task,20,1.837920698561083,0.008246168346853766
84,task,21,5.985284890432662,3.5385863932333397
84,task,22,1.2378733111713769,1.8613875410423886
84,task,23,3.317493124592229,0.7023337088670323
85,robot,0,9.160262548324441,3.121027493536962
85,robot,1,9.822306974735849,9.643670083303999
85,robot,2,1.425712823271138,7.149243028961909
85,robot,3,6.0080488912706915,6.906470731051536
85,robot,4,0.9619100001447478,1.8856007863455804
85,robot,5,0.766386614508815,6.0413420521707115
85,task,0,9.86591075849091,6.719845376579414
85,task,1,7.107615350219296,9.84585041543281
85,task,2,6.7801155417179615,0.4018157262847033
85,task,3,8.670056008565975,3.6467829037879627
85,task,4,0.043636215147153656,5.072341775608206
85,task,5,9.370150008762636,2.573306871949832
86,robot,0,1.7377688778239075,0.576926716664401
86,robot,1,0.8054494671311319,7.270109059613555
86,robot,2,8.64074470742149,1.432988392524911
86,robot,3,2.883185678104687,1.9502946764482731
86,robot,4,0.2685577692642793,5.534313698869836
86,robot,5,6.9992217013764755,6.478774808850705
86,task,0,3.8805354730224764,5.550102459399053
86,task,1,0.9409930663622468,1.5430371872268445
86,task,2,9.317946195529833,7.615077478198968
86,task,3,9.227390958251673,9.166802844993672
86,task,4,6.4939261710774066,9.282386481121652
86,task,5,4.167041030824632,0.03616244784940936
86,task,6,0.6257111584615938,1.094873257008152
86,task,7,0.9535345318286026,3.5170239085026345
86,task,8,7.012708071093576,7.9064880660049495
86,task,9,5.902132743446247,1.4643617455697955
86,task,10,7.479016021481753,3.5480191913759898
86,task,11,0.12993348671796245,2.8058862053274938
86,task,12,3.306005541409779,2.742455352181029
86,task,13,8.118701531875857,7.599263975940903
87,robot,0,1.390050785122653,8.07833909706282
87,robot,1,6.771759616633237,1.9483768648139188
87,robot,2,6.480939302815164,4.835116410036811
87,robot,3,4.393500618562251,1.1212316347238882
87,task,0,5.183042758451654,0.9993180897236364
87,task,1,1.6425338725426664,1.325463142747627
87,task,2,9.541082790700075,2.8486469044389007
87,task,3,3.5520432359600775,3.220806062960361
87,task,4,8.982504451781438,5.629659113348885
87,task,5,9.191598989333118,2.9992490582789557
87,task,6,1.1483467443194895,5.562184527241746
87,task,7,3.455369917900175,8.019068334907484
87,task,8,8.794234089116586,4.725735109070718
87,task,9,9.713590240855083,5.530130063444059
87,task,10,2.7092039338631246,4.889755153442746
87,task,11,0.37310292402927603,8.040011602630676
87,task,12,1.0143505085442095,3.0874848850300496
87,task,13,5.653165470049434,0.4297512564689887
87,task,14,0.7931689918144824,6.9611635761301285
87,task,15,0.7177709306076874,4.770828662473765
87,task,16,3.386956334207504,2.2807940795641644
87,task,17,1.8877889786366542,7.634112937325794
88,robot,0,1.4017974220333174,9.59681219174127
88,robot,1,5.947625034751037,6.416604053632571
88,robot,2,7.099263781425819,7.04118890354581
88,robot,3,8.198111081856883,4.834686513476974
88,task,0,5.333585875147011,3.2382700246341587
88,task,1,1.0525759378311705,6.646401909262191
88,task,2,0.3360996918625092,2.7563505108336828
88,task,3,0.9422986444610026,1.9072715732271805
88,task,4,6.387309128973808,6.2847663020491815
88,task,5,4.210549129957121,0.9017197648949116
88,task,6,4.333739164594084,3.527448718582934
88,task,7,7.204591528559497,5.790266081990517
88,task,8,4.9156576733699895,4.869820823049952
88,task,9,9.66296887260419,7.5629422170345055
88,task,10,4.969795604601278,4.7922261288897765
88,task,11,0.2647910130496345,9.425092633198066
88,task,12,3.1917397176732965,2.5593908188074375
88,task,13,9.994089253876714,7.186896715045244
88,task,14,0.4736377329928798,0.6188547702557645
88,task,15,0.2550156396019787,5.996188995128691
88,task,16,0.7156450006195181,9.333883568449306
88,task,17,9.369065400226779,5.460540667480798
88,task,18,6.166389313959508,2.918944015252498
88,task,19,0.6397254240827333,7.374604451918155
88,task,20,1.0178598874901745,0.8555764101839314
88,task,21,3.1122310920422382,0.1246565983788206
88,task,22,4.34035615756316,7.076809100800768
88,task,23,8.01348931421939,6.043073037989213
89,robot,0,4.0650220376711035,8.487720850604767
89,robot,1,5.064733104983793,2.230361279982953
89,robot,2,9.44145646660466,2.749708738371165
89,task,0,0.2620148418779311,2.4267404295502693
89,task,1,3.6668756125742776,3.513496832892641
89,task,2,5.246675094435717,8.831268820359234
89,task,3,2.9233822710969912,5.207706079591689
89,task,4,3.4013895368847935,8.217730593732004
89,task,5,1.5760151328847838,1.035102683100585
89,task,6,5.029952532376018,6.718875857654919
89,task,7,7.955252010907666,5.896248529053164
89,task,8,7.738497613190006,3.927100585609238
89,task,9,0.32867670266468973,1.1609930790155654
89,task,10,0.3872260122899618,3.2894365047649265
89,task,11,4.954913412686823,3.563174836569394
89,task,12,5.605994750663922,4.806091484927877
89,task,13,6.779428018639403,6.669621635634062
89,task,14,3.180641471086795,3.462144553610915
89,task,15,5.8514782164130335,5.964324678908418
89,task,16,3.146999136371331,3.303178857754252
89,task,17,6.940450131861471,6.474108228760695
89,task,18,1.350508046797747,4.410418796753934
89,task,19,8.927060787105903,0.36305676104475215
89,task,20,8.551639464842136,1.6317815706414363
90,robot,0,4.243364289230115,0.10129337341458822
90,robot,1,9.15396937089632,4.549252273343056
90,robot,2,9.54268276760615,2.8674390097921787
90,robot,3,8.662757734159724,9.223895739956305
90,task,0,5.568324163707806,2.026777878677175
90,task,1,6.8524743210572,5.489780665294601
90,task,2,9.445296658526258,4.392720618104918
90,task,3,2.68513647639822,1.382870014941071
90,task,4,6.986335686866795,9.741096189805823
90,task,5,0.28343770571398474,7.404453547781268
90,task,6,9.269303625596667,0.7478153422734934
90,task,7,1.1017004510613315,6.919570984497087
90,task,8,6.479633758957883,0.688274153162457
90,task,9,8.344227521511565,5.2342384784489235
90,task,10,9.071973733366125,8.779908809927043
90,task,11,8.125077690501657,5.158988962444213
90,task,12,2.5171064174943227,5.059755039111326
90,task,13,1.0081137780178007,6.588461484734261
90,task,14,1.3397721922900763,5.11172962500723
91,robot,0,2.9951249027464586,2.3208046066978785
91,robot,1,6.2003154271167045,7.867867120225087
91,robot,2,0.5730295454052614,8.502836851553843
91,robot,3,8.607676949546045,3.422690742880228
91,robot,4,6.590040659703221,4.026130317034495
91,task,0,1.541908821896315,5.286624185631103
91,task,1,0.8635967450159665,8.784721553959878
91,task,2,9.242897594096085,8.216131370114036
91,task,3,5.625281207559786,5.575985911254549
91,task,4,9.846073766009297,2.479016898311829
91,task,5,0.7594836590520748,5.619409236011777
92,robot,0,3.2233877280804424,0.07085354169948044
92,robot,1,5.96239409547933,2.6403370227561407
92,robot,2,1.87858548192681,0.40431931393003717
92,robot,3,3.643615764756113,8.789688723864574
92,robot,4,3.3667080759737233,6.790742101195937
92,robot,5,7.565469634019073,3.2810080919019957
92,task,0,8.216407350120413,6.918796596669491
92,task,1,5.592422287009516,0.009924640506289162
92,task,2,0.3509076592280813,9.908658441060634
92,task,3,7.822839235035594,9.375652587729471
92,task,4,9.023032049180275,0.20442983142750837
92,task,5,7.918472897910739,4.5114574401115455
92,task,6,7.895582040006557,0.06715784163385141
92,task,7,2.8819930120056423,7.513237757913021
92,task,8,7.930207886015897,6.19714601214624
92,task,9,3.0125618944626376,3.103625912878629
92,task,10,9.667639636420326,4.392121792342046
93,robot,0,5.523327502406995,4.095023368643887
93,robot,1,5.526715645974142,4.323354227675579
93,robot,2,8.267149196021867,9.090510197982839
93,robot,3,9.321102598153617,5.6429620582938655
93,robot,4,4.4214855746449535,7.052400587918379
93,task,0,8.383235912959066,5.629822420663771
93,task,1,6.999810218222613,7.49729350721248
93,task,2,6.763937767172868,7.461335557293095
93,task,3,2.086453325559984,4.9837454702179755
93,task,4,5.8826855460508725,0.024779308570230807
93,task,5,8.55962508813682,6.100245084449121
93,task,6,1.2913633169820327,8.163570725758271
93,task,7,7.170569664405447,7.58299543463637
93,task,8,3.9204246186185623,8.542025066949922
93,task,9,4.140275821323622,5.705091529455913
93,task,10,0.006423036998737253,6.448731146778623
93,task,11,7.181757921279367,5.671093654887923
93,task,12,4.965588170436161,8.099364737117083
94,robot,0,2.78074039720023,9.590733380799858
94,robot,1,7.072671941953407,9.879389289124246
94,robot,2,9.712613162688683,9.189097228100898
94,robot,3,7.553715412253076,6.094293684969674
94,robot,4,1.7217066368292422,5.433514174237577
94,task,0,7.653765223943273,5.208571587055678
94,task,1,8.682391284056578,1.0965589919169827
94,task,2,3.809403480486341,5.059644185936572
94,task,3,4.32325295869108,1.0858654782155308
94,task,4,1.5352829404463053,8.37617292855487
94,task,5,4.84384259201451,0.48722426752727643
94,task,6,0.16491258977649914,4.734754019943265
94,task,7,1.643787259244437,7.0512594599922185
94,task,8,7.9532346252775135,2.282967084571056
94,task,9,5.921769448817807,1.54444643485386
94,task,10,3.03582651594387,8.887954941814334
94,task,11,5.440980914823108,8.858886951442
94,task,12,2.2524780417950696,3.3002434324866603
94,task,13,4.709521384568171,4.800800751945429
94,task,14,9.976479671837005,1.1444531897113008
94,task,15,8.519650356015907,8.636820394218702
94,task,16,5.531986315377874,3.440371682591538
94,task,17,5.192261042882961,2.924677048065638
95,robot,0,4.982791587103302,9.258421788774506
95,robot,1,6.226913443560438,5.143193331146834
95,robot,2,7.1106935397765225,5.0393296443023425
95,task,0,9.045063504194472,1.8444596088684129
95,task,1,9.733486837459056,8.12190551851192
95,task,2,8.607333618648696,4.8290783237107116
95,task,3,8.372015493375974,3.0677408357720513
95,task,4,7.619481785641752,1.4045015838902264
95,task,5,3.070519159625087,4.4573266335973285
95,task,6,3.2231971814342186,3.8701711562418364
95,task,7,8.20104744783698,2.566758921421676
95,task,8,7.452811721545722,0.7371206911165185
95,task,9,7.657391075150608,7.92023242829773
95,task,10,4.01698775502482,7.224778231674705
95,task,11,9.151384037450992,8.007129735545268
95,task,12,3.904465103969599,4.842135142800644
95,task,13,7.793575447858054,2.9259458984912357
95,task,14,8.038827403088735,3.280711425609412
95,task,15,8.059905823855381,0.8680044335072334
95,task,16,0.44397296910590134,9.976754473698223
95,task,17,8.69457123234689,8.82847503466204
95,task,18,9.512799476066174,4.383163094144878
95,task,19,2.868355546801522,1.30024995017903
96,robot,0,2.200483204766078,9.355508567393198
96,robot,1,0.04003162442779096,1.4319673774312158
96,robot,2,2.464758530834268,1.9895671159319506
96,task,0,2.257784365797103,6.5604760506117845
96,task,1,3.2751207831314924,6.150243819033733
96,task,2,8.902579336462912,6.025567655257021
96,task,3,6.945327912863815,3.655032982213573
96,task,4,1.5973846762270916,3.205840624499061
96,task,5,9.64282648704108,6.218113844531371
96,task,6,2.775111194340152,4.509152671621038
96,task,7,8.355130374309944,6.684435707057736
96,task,8,5.606528407291682,8.851628766338411
96,task,9,6.724395722167903,6.427297307910954
96,task,10,1.8976813721076813,1.0638868301240778
96,task,11,9.65142117057399,5.988583701003527
96,task,12,4.156834091464291,5.890208209102176
96,task,13,0.6181196107171538,8.221272739041067
96,task,14,2.1664553556433597,8.04546006317947
97,robot,0,2.7657201365690276,0.3020994824207046
97,robot,1,8.158333553266058,1.7646014146930666
97,robot,2,0.5180511563987344,7.558777308258808
97,robot,3,3.500432223729788,3.8933400559165
97,robot,4,2.47067587280719,8.59178478696897
97,task,0,2.9732952610653207,2.1019256975102385
97,task,1,3.092497263361561,2.03149575167397
97,task,2,3.1765522080520747,0.8293622286817304
97,task,3,1.5853002911945835,4.1705288339614786
97,task,4,8.794668555898763,0.5729074672228585
97,task,5,2.1267470676003066,9.083456755415963
97,task,6,8.900146741599217,6.7945083329594125
97,task,7,2.4047355409523794,4.198105610557858
97,task,8,2.1122099443796505,1.2858850912520325
97,task,9,3.799983945138915,5.758216050703502
97,task,10,3.599326754648052,6.108245504659697
97,task,11,2.9625473537930547,3.4585052776079026
97,task,12,7.906735916446096,8.783147308938581
97,task,13,3.2203408153105206,5.715158013452762
97,task,14,2.7816228389226803,0.5333464170742752
98,robot,0,1.7100348323615033,4.257125237469172
98,robot,1,4.870454933791568,1.8447158417910592
98,robot,2,0.9455535066339626,3.4801301467107058
98,task,0,9.522859075503185,6.151355899884214
98,task,1,3.8141022840290253,0.38910820774214927
98,task,2,6.002732813910818,0.9225764093537259
98,task,3,5.4254407104752636,7.519505082717429
98,task,4,4.235853482947864,2.994114948165244
98,task,5,0.473842338175986,0.24777875161596796
98,task,6,4.300265696455212,8.833452707029679
98,task,7,2.440627787931904,5.740555057818213
98,task,8,6.843058196797617,0.6082986750136143
98,task,9,1.531003758033771,3.3127679341956706
98,task,10,6.7009317414857055,4.390351122280968
98,task,11,7.341950682182453,8.675978655731925
98,task,12,7.583722765985429,9.922472073132491
98,task,13,7.543610687316496,8.521791950074505
98,task,14,8.32366358465001,7.302657622800465
98,task,15,8.018018166558905,9.346832278674102
98,task,16,4.752073785262926,6.3828702391254355
98,task,17,5.149397215727727,8.51036987192073
98,task,18,4.313596028715073,8.19726771144733
99,robot,0,9.618861013685905,2.4892069925741875
99,robot,1,7.0961950988591225,7.569194976474862
99,robot,2,9.362784928046658,9.06902418055531
99,robot,3,5.735258617084483,5.791531858639798
99,robot,4,1.6729122840422939,9.74962702423771
99,robot,5,2.5501746270342682,7.247362184512921
99,task,0,7.957950048053125,4.41215504611381
99,task,1,2.11193720029058,1.8896038421968675
99,task,2,8.564960009015918,5.107564867485149
99,task,3,0.901369820382667,7.170194727628887
99,task,4,2.501710528050296,8.763947507508792
99,task,5,3.095717860299753,2.002708300901431
99,task,6,0.8485844355493433,5.115311366376475
99,task,7,4.507375878182874,7.513121446031429
99,task,8,4.646025871930364,3.4381596892437107
99,task,9,2.616549156329441,2.781467454699711
99,task,10,9.278479018278139,1.6507860208781233
99,task,11,9.881764245571501,3.2691945519222476
99,task,12,0.8839023541749746,2.48690380787865
99,task,13,0.584143795546187,7.9002976916391585
99,task,14,5.125529125411054,3.3698661886680092
99,task,15,6.620496046315624,6.306465259503202
99,task,16,9.398720892275902,9.612605167483796
99,task,17,6.806837756654053,8.178159272441686
99,task,18,7.9242510033517854,4.9130353269989975
99,task,19,7.044582880334169,0.7825900768357019
100,robot,0,9.618330071923676,0.8497475312573843
100,robot,1,8.361157845918544,9.329800266492713
100,robot,2,2.261888898020621,5.248111876092038
100,robot,3,9.278582254629885,9.602260045229679
100,robot,4,1.2788238435231636,3.4900422555545063
100,robot,5,6.981446411508566,2.215584993859303
100,task,0,3.2477062863448083,0.23291060004693276
100,task,1,1.535216809311989,5.623294944177438
100,task,2,6.530900663041828,6.48911831095837
100,task,3,7.783604707782167,4.152814137387915
100,task,4,2.734907162411555,0.15580700042524986
100,task,5,2.066298260523869,3.123878122020373
100,task,6,1.7820685648046553,0.20144471496602256
100,task,7,1.5744760866519159,6.660995535675723
100,task,8,6.295854164725958,9.356836393980425
100,task,9,7.981682913973093,5.677561168411912
100,task,10,1.3755634749321133,5.640718189251569
100,task,11,0.6159506091418077,4.308848974108528
100,task,12,3.9025862894719543,4.278138093629416
100,task,13,2.798259183947872,6.858304476238237
100,task,14,8.409444672987794,7.685169925989776
100,task,15,6.277520957908803,5.383447993330133
100,task,16,0.3108418000803037,7.2293399869192125
100,task,17,5.449829395784974,2.707410506638869
100,task,18,3.2784203885344168,9.356067864697414
100,task,19,6.24362245117227,4.759124346575283
101,robot,0,4.13742324985657,4.701822732030162
101,robot,1,2.903092567076704,4.398533005916445
101,robot,2,6.8559223243791045,0.3994192508646921
101,robot,3,7.950274072961548,2.829795408613128
101,task,0,6.825597934324997,6.4272531468006004
101,task,1,6.526280491413053,6.081289162558029
101,task,2,9.591018380695349,5.083441626953908
101,task,3,7.3231911551535145,7.054493312345777
101,task,4,2.3626757727833034,2.8330583918682564
101,task,5,4.240170981569679,2.7769793046320923
101,task,6,3.6674309892995973,3.9096061392830594
101,task,7,6.0386456093834395,2.1989004273506163
101,task,8,8.042918658766872,4.375363567715046
101,task,9,7.062441116832469,0.8144248124081788
101,task,10,4.699653941243669,0.2821953217732831
101,task,11,6.7590999181556475,3.4371007699706957
101,task,12,9.492528141058287,3.241242146014194
101,task,13,5.638058980177268,2.573875756946147
101,task,14,6.201126289473403,4.670423501332346
101,task,15,3.706282615056329,2.036893490801799
101,task,16,1.115213439714553,1.1987913395667327
102,robot,0,4.123107268572347,0.01929707873339459
102,robot,1,9.529287906260143,0.1997992422981265
102,robot,2,4.185861255545337,7.174775859706559
102,robot,3,9.145992443717617,7.12886291432101
102,robot,4,4.636257549000118,9.744420389841034
102,task,0,0.3931938303327043,9.86892202538008
102,task,1,8.493915517084389,9.28930017126359
102,task,2,2.5477242409753664,1.4245807228426977
102,task,3,6.6331527937270005,5.1585943798612
102,task,4,5.231679607443795,9.246191784832176
102,task,5,6.2008090665326225,3.110638351045899
102,task,6,4.00066556417876,1.3349583509185126
102,task,7,1.9231404027568932,1.433500702095385
102,task,8,8.102913412113544,7.048734679721188
102,task,9,5.303450176108519,3.743678336275708
102,task,10,6.684942903243504,8.12905347695761
102,task,11,8.81233215671709,5.4701622820633355
102,task,12,8.198851218197008,5.1130595341269505
102,task,13,4.745300891878909,8.654318556221002
102,task,14,3.8637393626466396,3.959126790407023
102,task,15,3.0491134528491615,5.187017282946167
102,task,16,5.448500336894607,6.604611453104569
102,task,17,4.305023101095705,2.1783729188359935
102,task,18,8.668420624138758,3.4600086723801438
102,task,19,9.229434198401748,2.0735333302645573
102,task,20,5.600574762362305,5.366150935294522
102,task,21,8.286478479269952,1.3885138675082975
102,task,22,9.099371729174614,5.314281721720702
102,task,23,5.861093839143664,5.101662932977671
103,robot,0,4.970906618065981,2.635496626769905
103,robot,1,3.4268818037783144,6.491015991871399
103,robot,2,4.976971294741059,0.9321821266746044
103,robot,3,0.7304127476175892,1.8565769561737033
103,robot,4,1.9088514657222366,6.083007569713649
103,task,0,1.778144640455428,8.817194232747706
103,task,1,2.097606606134131,0.9113144542638263
103,task,2,8.75746016359647,2.9532757607673297
103,task,3,4.2542262983373575,9.590263840124424
103,task,4,9.443692191577739,7.149168892649178
104,robot,0,5.933401254113974,9.890779350422578
104,robot,1,9.469162284239804,1.0600249251994287
104,robot,2,3.9596730309036863,3.155367459028393
104,task,0,1.2972810690490555,6.947983112487609
104,task,1,2.7384836436023674,3.448658031252978
104,task,2,0.9035887670141796,4.979675587786656
104,task,3,1.5816786365205648,4.320904235794892
104,task,4,1.433422221033015,9.538498899501457
104,task,5,1.449825331971426,5.218871538506332
105,robot,0,0.7636180347260924,2.0230861884209816
105,robot,1,0.5477410739043609,1.3939738312098882
105,robot,2,4.93484157763217,6.518155210575742
105,robot,3,0.8733981507178346,4.410186239042685
105,robot,4,5.8124702285335195,2.342256762110615
105,task,0,3.720784115160254,0.7183486973360864
105,task,1,2.201310802330949,4.667529259189401
105,task,2,9.904421789253222,9.962650629391334
105,task,3,9.796216811242878,4.230863863003275
105,task,4,0.8068037841466502,3.235734372493335
105,task,5,2.377143753709773,0.14126574909854583
105,task,6,0.952336102883754,4.531919350490661
105,task,7,3.3966246380429697,1.8035372163448304
106,robot,0,3.5711559589661857,8.518678557465444
106,robot,1,2.4097716026311735,5.383934900866247
106,robot,2,1.8413921714918247,4.95300616385842
106,robot,3,1.524665089783862,1.6157862437152193
106,robot,4,6.122233770420157,2.6378604217576673
106,task,0,1.723672265642473,9.297682501350732
106,task,1,0.4300325074005107,5.651481126958871
106,task,2,5.482638418332653,2.506088744030598
106,task,3,4.527717451128178,0.8773778308263547
106,task,4,7.212701459238856,2.2169714837682317
106,task,5,1.9338535982655591,3.1487847827750306
106,task,6,9.02369920263142,7.964666482835426
106,task,7,9.468922911337575,6.5196234603308545
106,task,8,6.629215110320876,4.80030999426217
106,task,9,9.051863233669755,5.108771492703291
106,task,10,3.5506007079502466,6.403750099176651
106,task,11,5.461394934009634,1.2401981530989548
106,task,12,3.9272541391242957,3.1332541109448
106,task,13,8.468337750111317,3.7884255697310874
106,task,14,8.215552326388927,4.423895939009456
106,task,15,7.5350056344561,1.3528192851118992
106,task,16,9.246502196584624,4.805598907989182
106,task,17,2.597982456263064,2.4148960636480687
106,task,18,2.6507728857497193,3.6672417291796764
107,robot,0,9.496030429007936,6.6903743012363215
107,robot,1,5.4716627094410075,4.485978080171346
107,robot,2,8.281944670376165,8.496572024460699
107,task,0,2.9303767443281856,9.534202486534301
107,task,1,3.9511536320638205,8.000780691915278
107,task,2,9.668198780822333,7.036581008556112
107,task,3,1.6155072645119373,5.861369551739308
107,task,4,1.1877712309557842,7.891420398689263
107,task,5,2.8131517387388296,6.952148230600185
107,task,6,9.10089674130199,1.810098506701724
107,task,7,3.9285783860116674,6.471187880735663
107,task,8,4.196585928095011,1.7481894162471523
107,task,9,0.29071614168797,4.065981437019629
107,task,10,6.492090265819204,5.739842081524886
107,task,11,1.5624123976064241,4.506934438673866
107,task,12,3.6947104618125284,2.7420240229339985
107,task,13,7.292712438603893,3.0965203002718433
107,task,14,5.401419523330292,9.232235352696165
107,task,15,5.392759822535824,6.1702291016056074
107,task,16,0.732459861675514,1.781341437417363
107,task,17,1.0095119929811347,7.648129483558401
107,task,18,8.359210809168424,1.8645529319457765
108,robot,0,3.232072894927829,5.910776169538354
108,robot,1,6.217961938000195,6.867539585414576
108,robot,2,9.051927562134626,2.9504014049653815
108,task,0,6.587589892067757,5.597228457776922
108,task,1,3.058372404125671,9.074151865936734
108,task,2,0.954834119592175,7.120010268320515
108,task,3,7.27873713022602,9.153265276899615
108,task,4,5.185805923513536,3.2162233821924593
108,task,5,8.277406698600204,7.708102818323926
108,task,6,5.003156144194704,7.6785737563381105
108,task,7,2.678756020772608,5.895063304034679
108,task,8,8.651834547878755,3.1798450461651253
109,robot,0,9.510448541728895,7.9821184197173665
109,robot,1,8.870390203305528,3.8524706089044636
109,robot,2,9.965052596345588,1.5256560468381297
109,robot,3,5.18770583216309,4.792733822962494
109,robot,4,7.984321908001345,9.086177725150119
109,task,0,7.311393769080597,6.268162361303028
109,task,1,4.274291908485037,5.103259170757342
109,task,2,5.093003132248218,0.20368473684377664
109,task,3,5.030458048276777,8.55970800174125
109,task,4,7.092740111422482,7.957086221250048
109,task,5,3.9048498976852097,5.289732369129581
109,task,6,0.33483568997100477,3.8299794216934355
109,task,7,4.74416044892644,2.5520889959908164
109,task,8,0.31240978990649815,6.904081087789521
109,task,9,4.350877508488432,4.156781931122342
109,task,10,2.4998675402850887,5.3783039899801715
109,task,11,4.380267812707315,4.73984473029091
109,task,12,5.80871348436382,0.06324647239735359
109,task,13,9.076959035384226,0.7108739694508126
110,robot,0,2.073728752393814,5.237823693698753
110,robot,1,2.8023010879713786,8.600064980626039
110,robot,2,3.9635983396242027,6.387555557684373
110,robot,3,2.4887972814787895,0.19406150494017504
110,robot,4,4.041545356132761,5.364864895582901
110,task,0,4.595471512617503,9.6201436381886
110,task,1,7.068391738460283,9.956698006253951
110,task,2,2.9506009031397196,7.890532796071465
110,task,3,5.555584675466139,6.117603544484994
110,task,4,9.858532004423278,6.539871997511169
110,task,5,8.988168923369178,7.257502347192471
110,task,6,1.2738612172475006,6.994237103223125
110,task,7,4.84315588685482,9.187979929823424
110,task,8,8.068344471904553,1.0413468760722522
110,task,9,1.3391564365355846,0.6961100179860558
110,task,10,4.932448747446174,0.8077175920735302
110,task,11,7.23678336574694,5.523585814504327
110,task,12,8.358850175531424,2.7979578867131627
110,task,13,5.191407841611407,1.1747968591054436
111,robot,0,1.750049622898383,1.02362251350405
111,robot,1,2.0505059852318333,8.062314887229814
111,robot,2,1.058145276846828,6.14427494838166
111,task,0,7.461813006151257,7.510811604828711
111,task,1,1.9006088660813114,0.6162399837761201
111,task,2,4.488063837722176,2.024853452445461
111,task,3,6.99270809013938,3.56692799655421
111,task,4,4.493539410331321,1.1348493310171182
111,task,5,5.675502865481917,1.855241896319073
111,task,6,6.78985660914937,0.711688225478937
111,task,7,9.758945922813233,6.845269785858116
111,task,8,1.8172956781192617,0.14094645461855793
111,task,9,3.3446289220521876,1.528132640522074
111,task,10,2.1841133311954595,8.727502584378895
111,task,11,6.032046600508495,1.7645765302889949
111,task,12,5.566594006874488,2.5578065342499325
111,task,13,9.762008643580891,0.3275723026369526
111,task,14,7.323184221678151,7.729970261914273
111,task,15,0.6716276395770027,1.7186936423135157
111,task,16,3.843066591039576,8.681548265290678
111,task,17,5.369999384184993,6.553068500072905
111,task,18,7.830128354568426,8.2812278833752
111,task,19,4.76284543083681,5.087931387734813
111,task,20,7.180058570877794,2.6334235873562637
111,task,21,8.544897363655243,0.2078682447584157
112,robot,0,8.001999430365032,3.4025821189267225
112,robot,1,1.4983283269230596,1.8675475571140332
112,robot,2,5.307564019360695,8.461815293449877
112,robot,3,0.706507157711106,0.304809091246494
112,robot,4,4.651681358368432,9.561874150536347
112,robot,5,2.790098034141264,9.591705390670484
112,task,0,8.876811765900014,2.831350763875111
112,task,1,8.169480642561467,6.858673025688188
112,task,2,5.118223889047572,4.229161430428747
112,task,3,8.155027559254567,7.930794326950212
112,task,4,7.569363359425592,9.982559512152958
112,task,5,4.785124609413839,8.069229778199158
112,task,6,8.624783669834784,2.1160258145368394
112,task,7,0.4206644205306098,4.047484021885797
113,robot,0,2.8910328119451023,7.00010154067424
113,robot,1,0.07348139064262682,3.553644323202377
113,robot,2,6.155166947581511,1.2975719007233688
113,robot,3,8.966069121474339,1.5627397711707924
113,robot,4,9.097935450039946,2.163893086829747
113,robot,5,9.942786739158407,6.047487132955909
113,task,0,0.8434489443831128,0.6527723447865985
113,task,1,0.7492169625946876,5.898927472909518
113,task,2,8.095792023273852,4.029627417705058
113,task,3,4.448357592818618,5.89287703664628
113,task,4,5.3304060478635575,6.880617331012702
113,task,5,4.717857201630266,7.1386068506406755
113,task,6,9.973107425466342,3.502978422487649
113,task,7,0.12215462915350805,1.2562504555165477
113,task,8,5.535141849869538,3.4425778714465203
113,task,9,9.399825937049926,6.274460901073829
113,task,10,5.203551859654679,7.980395012720187
113,task,11,2.5858987104909517,8.197385402823597
113,task,12,0.03061104864092945,6.196773621357177
113,task,13,9.34757151045779,7.8785995203387005
113,task,14,8.536341921473593,3.969546951715005
113,task,15,8.242389461001263,5.508316650302666
113,task,16,6.1854023650319885,0.5891533933580351
113,task,17,2.0155169717439216,5.5096441551355255
113,task,18,0.5880105782349765,7.4144680658771325
113,task,19,8.400570085219016,9.203623612948048
113,task,20,1.0176845917980593,9.397202480228001
113,task,21,0.6762000762929499,4.740562159278153
114,robot,0,0.7031113856445537,0.18231072988983632
114,robot,1,0.2494771870665069,5.112702394360335
114,robot,2,8.11596744596663,1.2742667107259964
114,task,0,1.2461025407954063,5.685468550497916
114,task,1,2.342956008119237,7.302137351448739
114,task,2,9.496353881767499,7.660334066004131
114,task,3,8.771753663789164,5.195860575716703
114,task,4,8.323193042175333,1.8290318398668237
114,task,5,0.6834789039562739,6.55953110124686
114,task,6,0.5195250375805593,8.924814191396806
114,task,7,6.915541471074186,9.52200725408912
114,task,8,3.1388665631323565,4.861583092016208
114,task,9,7.416903650451189,2.4277898546082053
114,task,10,5.418488201116669,6.594672750054781
114,task,11,9.788086544470412,7.4470329424238475
114,task,12,1.18130850279074,4.753334513833103
114,task,13,5.887707829895721,1.4662314286435274
114,task,14,4.319660569810784,2.84005816335823
114,task,15,1.1882754226202596,5.120419334634545
114,task,16,1.6563308101234542,5.9053740858572334
114,task,17,1.6969693224186544,7.235949236028211
114,task,18,1.952416230296704,8.962851007761495
114,task,19,0.2620935654880885,5.219973870457359
114,task,20,3.201047658865469,2.250765257745908
115,robot,0,8.420195363242607,9.152772055266487
115,robot,1,3.0324861814784576,1.5424362209507125
115,robot,2,7.201404475663073,5.819987254559883
115,task,0,2.010161486775599,7.602957880874365
115,task,1,5.189304352421411,6.533951995074076
115,task,2,3.5933903396338875,4.39097561302376
115,task,3,1.803420983749422,7.565158676453409
115,task,4,1.5701132415179186,7.783025947510613
115,task,5,7.98007854884586,7.466009640551217
115,task,6,0.19422788058740426,2.731332126066736
115,task,7,4.6833774279181375,5.955443787167958
115,task,8,9.192220993690501,3.7560597212870226
115,task,9,8.750233187739541,1.6342928813683655
115,task,10,3.7128048750862694,0.52282010821323
115,task,11,7.424892910556222,1.5065275743291295
115,task,12,2.570200156484578,7.752332521932148
115,task,13,5.3471671742271,0.13972719418462565
116,robot,0,5.10660631739897,3.0495551374919483
116,robot,1,1.8031144599517712,6.135939377161109
116,robot,2,2.284364717174271,5.92207149684948
116,robot,3,3.792659505862729,1.8674621766978972
116,task,0,1.3810473786874866,2.368606031272881
116,task,1,0.2983210801298508,3.0812696203626846
116,task,2,9.019546901817941,8.313621258830283
116,task,3,3.720037567196589,5.758336185818038
116,task,4,5.673605590140585,8.287375391937124
117,robot,0,2.9638748879301238,3.0178543374561153
117,robot,1,0.4086998977167433,3.146878632891922
117,robot,2,8.779137765880069,9.11987647571481
117,robot,3,1.0963534576855039,4.580585416184314
117,task,0,3.8134890158763914,4.893591966233879
117,task,1,5.547195240586772,0.2025876001774607
117,task,2,8.422422479211608,9.736640731733385
117,task,3,6.534048120036423,6.604522384933692
117,task,4,5.279798578307084,3.3427341171438174
117,task,5,1.489778241795211,5.8406334269605065
117,task,6,0.44941403509207056,8.24502567691874
117,task,7,4.209116994706155,4.147542241619748
117,task,8,3.2717085847590575,9.693538886985865
118,robot,0,1.5130782147521116,1.6553150154503016
118,robot,1,6.58527482850764,9.918953187295983
118,robot,2,2.3547517040175467,9.056173970674879
118,robot,3,2.786165592081724,6.478999201253002
118,robot,4,0.4049895193336772,4.95653974576189
118,task,0,6.545699662789818,5.363197772226286
118,task,1,2.3783538488179112,8.284969482679156
118,task,2,9.701365112382403,4.591960956920653
118,task,3,6.359192651892537,7.9041326834557255
118,task,4,2.4148906062179396,8.644503819287854
118,task,5,2.802009053099975,7.758308035152388
118,task,6,1.1209923242642206,2.883867034141697
118,task,7,5.336199339398677,5.249220957043152
119,robot,0,9.961272576386072,1.0721084586014062
119,robot,1,2.7138813282503707,3.575982102230758
119,robot,2,4.7891840781000505,4.93909743154399
119,robot,3,8.561950631484166,7.705593027850997
119,robot,4,0.18851579037953314,4.550217605831879
119,robot,5,6.180738382440888,4.603955870930234
119,task,0,1.3064525602570232,3.9747408369064816
119,task,1,4.116556951297361,1.8771592244975877
119,task,2,7.563071144709534,3.214006801424768
119,task,3,5.889872905686162,5.1573018095876755
119,task,4,8.774270792163888,1.2201493186283818
119,task,5,1.1426300825346014,3.0031966912301575
119,task,6,4.312149681258351,2.9854224875213955
119,task,7,7.631870823952438,2.4526584310929964
119,task,8,0.8477474277224473,4.137998098841475
119,task,9,7.73379288138484,8.505619435867413
119,task,10,7.333448483633508,5.578866784997441
119,task,11,7.241917017491767,6.813895353038614
119,task,12,2.3436663249506084,5.507588922031937
119,task,13,7.70609332638432,3.1712066187513823
119,task,14,6.5397314671693145,4.814804275187985
119,task,15,5.0315885094502,0.9005503778215973
119,task,16,6.6621716530537975,8.656870353545202
119,task,17,1.414312880258628,3.6610566221644936
119,task,18,0.4866745484083501,0.29631885976391104
119,task,19,9.896584966717437,4.934715083063846
119,task,20,3.5551901863524638,2.748770766250189
119,task,21,9.800126449449591,2.522507855216837
120,robot,0,2.837580958059338,0.7048950535691911
120,robot,1,6.832766145179413,0.016308476298648733
120,robot,2,6.757485115605695,2.5037659898982314
120,task,0,7.461042320715013,7.697501673506494
120,task,1,7.241072388175379,0.2448344146761039
120,task,2,7.037366196437684,9.901456140557631
120,task,3,2.4262536852562286,2.7423857222533856
120,task,4,8.135265495805395,1.6039680505608056
120,task,5,6.605836755045516,7.550263775005784
120,task,6,0.37160661819357177,5.537620942652262
120,task,7,5.7587725853588285,3.034428973917942
120,task,8,8.763446693975173,1.6274971929985638
120,task,9,3.6419470950586055,8.486686871473294
120,task,10,1.906427566059925,8.21374136327675
120,task,11,0.7906917736795571,4.8922906718999
120,task,12,0.7533066244570341,6.779035850615143
120,task,13,7.906014890556002,8.498585482468028
120,task,14,9.812622507439887,6.720157222995868
120,task,15,7.690619138400203,5.057582783213293
120,task,16,9.127369011811261,6.437583821994625
120,task,17,8.835514062513434,2.3545201701388088
120,task,18,4.967377807180643,7.298189210638039
121,robot,0,2.1133979326197827,9.780427404056374
121,robot,1,4.3461036073720605,1.8181545292377166
121,robot,2,3.31463881981506,3.973761482659256
121,task,0,6.230852574702212,9.230146590477524
121,task,1,9.86590075922091,6.516987589111125
121,task,2,6.999223607977248,3.21829169696589
121,task,3,8.57158595448749,2.1779833522031486
121,task,4,1.0638064931096758,9.732559900976508
121,task,5,8.641386768205322,3.0364513453813338
121,task,6,6.751707163810492,4.670183574131995
121,task,7,3.231282061454709,2.8677421076029486
121,task,8,1.3602744522090648,5.493180822758392
122,robot,0,5.1218642029994434,2.153571674794045
122,robot,1,9.386106707732477,6.385911963305415
122,robot,2,8.996006573833368,1.0927116603275544
122,robot,3,6.228509658561748,8.494618186441611
122,robot,4,3.3092077981446666,1.951431691359864
122,task,0,2.6502130580561967,2.72933726749799
122,task,1,4.4719896492353515,3.2596360277933156
122,task,2,2.712740727079913,6.4851229840513795
122,task,3,0.5303237167188446,3.4036377813972996
122,task,4,6.8975196594047485,1.7584974928100594
122,task,5,2.2092786221291236,2.0066662541291747
122,task,6,0.009261067314049187,4.737677518315727
122,task,7,0.38958789416123185,2.7293981177490014
122,task,8,9.948034245919716,9.183962113902998
122,task,9,2.150758081563342,3.1000243191393273
122,task,10,4.637045822685515,8.444135466592435
122,task,11,8.026459413930912,1.2624143656628217
122,task,12,1.2444884834835213,4.1673225389404465
123,robot,0,8.820849990955024,1.0736584968653018
123,robot,1,5.7429728796555155,1.556751971251129
123,robot,2,6.861293100027828,9.164332479289065
123,robot,3,4.547692924755936,0.830827746920515
123,robot,4,5.792541958945455,4.085166701358547
123,robot,5,8.108987523339602,3.4034446392638773
123,task,0,8.748972004725893,2.7370040763478487
123,task,1,1.5751763588868595,3.0648037731857993
123,task,2,0.3491579182274651,2.812459668742413
123,task,3,6.6011763388203075,1.4228297855659233
123,task,4,1.1136497278658797,1.323852912543504
123,task,5,0.7755167426146636,8.746354118429396
123,task,6,9.441151154965281,0.46561151728786276
123,task,7,7.600717815435402,7.371517467171977
123,task,8,9.969094246100404,3.4787066172106815
123,task,9,2.855089916904162,4.530821208098272
123,task,10,8.565751771491906,7.2859364253789884
123,task,11,4.716238139675028,2.445628432858732
123,task,12,7.2701574126837105,8.54526868042196
123,task,13,3.9995123106749086,6.6858544582098425
123,task,14,4.002120211765981,4.784934381414848
123,task,15,5.249103799549136,7.757258140222779
123,task,16,9.77505984128931,4.443661626382323
123,task,17,3.423150062476059,3.735910064723913
123,task,18,1.3388906937518164,2.9693873781772275
123,task,19,0.8644741326880623,4.2789426317924715
123,task,20,1.6735726931104888,3.464067459744087
123,task,21,7.9357774939160635,2.45927650589136
124,robot,0,9.011814192486128,5.669291870295469
124,robot,1,1.9379261277241266,3.447661939659543
124,robot,2,5.903692071840661,5.066111397598535
124,robot,3,1.4861983627690378,4.4679634469056895
124,task,0,5.430666949102484,2.6733271445757243
124,task,1,6.124455153398519,0.7016009948520985
124,task,2,3.366070335655168,8.042768327775745
124,task,3,2.592848009081554,6.051768500030782
124,task,4,4.100297137103119,3.164601424152468
124,task,5,9.16131687910027,3.4326171808038355
124,task,6,2.3667590148701834,9.093013156402705
124,task,7,7.4594435593581485,6.817997136981973
124,task,8,0.4953494206687581,1.312049607157758
124,task,9,6.383399638096629,2.0943283652626024
124,task,10,2.2563798563035906,7.7913851534361065
124,task,11,2.8592494883694264,0.71587302151916
124,task,12,0.364319473098611,4.431779872452878
124,task,13,6.17128577684646,8.688852333918028
124,task,14,1.1080439503263928,1.966728262882963
124,task,15,5.298006109074711,3.6410836224197505
124,task,16,4.825374512454946,9.241246489842155
125,robot,0,4.1512061061207595,9.894399066997448
125,robot,1,0.6521566989953631,9.32113448371172
125,robot,2,5.01661842065483,5.037563377671381
125,task,0,9.219643342032093,5.073239795930695
125,task,1,4.384070905301488,2.72488592117199
125,task,2,6.588167668174209,5.6964509097976155
125,task,3,2.1434543694778307,7.094129150613248
125,task,4,6.440868573366405,3.973338842065408
125,task,5,0.0440092190355057,4.465811501761877
125,task,6,0.06058117130251728,0.7499848929903985
125,task,7,4.306099024808341,0.819198841853277
125,task,8,2.7566543378716624,6.554913685589684
125,task,9,3.0861534260941905,9.976485941215104
125,task,10,9.163020339149812,5.853099045855236
125,task,11,9.669471386349304,8.680172944325221
125,task,12,3.18898518840487,7.495962459853094
125,task,13,1.3683178400394735,6.84551424378741
125,task,14,4.910818264945805,0.16825939252824718
126,robot,0,9.553822174042486,3.158314850884807
126,robot,1,1.8145445530144066,1.8753144657220833
126,robot,2,4.79213264641949,8.42649240670535
126,robot,3,7.580017651333465,4.368520075377743
126,robot,4,2.0872688343696053,0.4606490010219111
126,robot,5,4.62630319482731,8.147753485181916
126,task,0,7.296819935943137,4.086007676272503
126,task,1,5.947026719176003,4.362465209462176
126,task,2,5.790161097901779,5.175052443935492
126,task,3,6.80966600125159,5.077088435331239
126,task,4,9.406109981675586,4.280281815816862
126,task,5,0.15916303039710922,2.3637353540898456
126,task,6,5.006068581066559,5.405718518886619
126,task,7,5.523847893120535,7.1455209827008215
126,task,8,2.7464814261752792,6.649036790414772
126,task,9,7.040322731192128,4.112807526208263
127,robot,0,1.7892478565644976,4.139873762553737
127,robot,1,7.868162917070124,9.089730055498839
127,robot,2,5.936131913179654,2.993703433542988
127,robot,3,6.822897186597315,7.401462086960039
127,task,0,3.3221277878066235,8.265478614895468
127,task,1,0.7369583213834008,0.10753717600025525
127,task,2,1.2297077263205258,1.5600834782750972
127,task,3,8.789290329477213,4.249817022212809
127,task,4,2.749316919703817,4.2907511598681936
127,task,5,3.948408927006323,3.01461667988017
127,task,6,1.3789958241196532,6.559154619738806
127,task,7,1.3660440277965535,7.754244526726744
127,task,8,2.016880132804536,7.313713071333117
127,task,9,8.055861056954669,1.2532600977445074
127,task,10,0.8674576828800407,9.495727706536599
127,task,11,4.630468067525807,6.302354949729883
127,task,12,0.23260440121767756,2.787101805563399
128,robot,0,8.862183133894039,2.714394175643763
128,robot,1,7.751913198587196,6.622129282587018
128,robot,2,1.1527076780574497,2.933751727919965
128,robot,3,2.3786403643861975,4.425275875732854
128,robot,4,6.353342430475842,4.334197555085066
128,robot,5,2.4453657575180596,6.958787682282754
128,task,0,5.844710947114899,5.193139074156919
128,task,1,5.544195974459783,2.2190064629382356
128,task,2,6.804310610924562,3.8750053553876826
128,task,3,3.6346781973001963,1.4973420826677053
128,task,4,5.968373345504464,6.026644105465065
128,task,5,3.4030064366652835,8.598500568655341
128,task,6,8.454578987154283,1.090543064824313
128,task,7,6.950383878099182,3.9383475618502226
128,task,8,9.997148510628929,2.250236296846524
128,task,9,2.805242054144894,4.421062945557274
128,task,10,2.6871514868066315,6.919933663865142
128,task,11,4.809081121814805,2.2087883484954016
128,task,12,5.063740694865626,8.887877663650384
128,task,13,7.923956468500528,4.98828924426821
128,task,14,2.884926031419477,1.7988646470252778
129,robot,0,7.101669404986963,5.7216330314745845
129,robot,1,8.794346459536683,1.216902873740895
129,robot,2,6.824892860020682,2.1671231241323197
129,robot,3,1.20577441015987,4.6560851000693315
129,robot,4,3.873929297643537,9.411736093251854
129,robot,5,3.2397954675181637,8.149022590520024
129,task,0,7.488270004683447,6.679238700585363
129,task,1,9.204004729600596,4.0792459438134205
129,task,2,3.8967118598286565,1.6094742358150937
129,task,3,2.7576207549506915,8.797764560608707
129,task,4,4.74382132911368,3.4135332219071044
129,task,5,2.1611205508217113,4.84960250243615
129,task,6,7.166653704645288,2.866920254570754
129,task,7,7.577165208126542,6.297877747249184
129,task,8,7.875625625397042,2.509096288749123
129,task,9,6.310281447330453,1.5373527948884191
129,task,10,3.6379698216463674,7.243600948428012
129,task,11,6.316683855799359,1.8786072533752196
129,task,12,8.583426720925292,0.5335098234518187
129,task,13,5.952156885166495,9.838205002316062
129,task,14,5.315047318427486,8.006718199594207
129,task,15,5.9518097318910215,7.830883149229926
129,task,16,6.555941353552872,6.911320145375287
129,task,17,2.2781115108638406,7.418209135729176
129,task,18,2.3790988666433077,9.806402751425882
129,task,19,2.277871909612047,2.366840035976563
129,task,20,8.58673120483864,2.4298586196281913
129,task,21,3.6090279349128296,7.146401611790269
130,robot,0,1.5907175482750224,4.86358423266619
130,robot,1,2.4369675423272685,2.3565795556903355
130,robot,2,0.0923892141851268,3.7044959119794796
130,task,0,3.182505546184032,0.31155810826670405
130,task,1,6.212331782136635,6.26655182003354
130,task,2,0.7080047177365889,3.1704156290945305
130,task,3,8.728055319953977,5.8216706824457845
130,task,4,4.119747240119879,4.6510192846409595
130,task,5,2.0827999443580514,8.118815007079279
130,task,6,9.140047054509676,9.106640422500437
130,task,7,2.239343916922997,3.1074026777645694
131,robot,0,3.072011336323132,3.328053721226003
131,robot,1,6.331057370646355,1.8964638154812463
131,robot,2,9.193969243677437,1.0309947008530995
131,robot,3,0.06878011034333054,8.549451286305331
131,robot,4,7.037698077660497,3.5535987035599845
131,robot,5,5.9549970591011805,2.2354410083923337
131,task,0,1.6838964864537598,4.711491351387228
131,task,1,3.5318782972096088,6.152300505352921
131,task,2,2.181491845610315,6.629277005606187
131,task,3,7.668615203028132,1.666361430284744
131,task,4,0.4385828341791598,4.395873753013388
131,task,5,7.740240859924371,6.507798355741427
131,task,6,7.018817204145913,4.028393399933684
131,task,7,2.349455452530699,5.317788432846094
132,robot,0,7.262286969850658,1.9696645595947704
132,robot,1,2.9126326671434146,5.065447783230054
132,robot,2,4.867099341434949,6.008493764070294
132,task,0,4.37444600499917,9.194733085100914
132,task,1,8.399340941971882,8.791134512366384
132,task,2,6.2951657140343755,6.3500791586080645
132,task,3,6.091986837159487,4.3488415442145625
132,task,4,3.221060010672626,5.920028874488703
132,task,5,0.2553183713845031,0.07456431423803034
132,task,6,8.516418262967486,0.46424044777622187
132,task,7,5.24795150333418,6.149877629496451
132,task,8,1.981712296224356,8.957308382651483
133,robot,0,8.845149873666747,7.629902693330352
133,robot,1,2.4074295352419393,1.5074416627609355
133,robot,2,3.162327101862351,3.979505662702747
133,robot,3,2.4578467649892346,9.988915487544233
133,robot,4,2.2965233623958103,8.30634826982857
133,robot,5,1.5911774709047277,9.802446252759475
133,task,0,2.255234582830848,4.216885547835922
133,task,1,5.585640667679065,1.2028571515609332
133,task,2,8.168200674791013,2.7468553268082987
133,task,3,5.492699016016638,5.496338106932469
133,task,4,6.02640652325785,0.5548598652431469
133,task,5,1.6861876183156788,1.611922429233642
133,task,6,3.020512594158519,1.4491415685833986
133,task,7,9.219213207742897,5.1295445051130075
134,robot,0,3.5748817539812086,2.7624614103391156
134,robot,1,5.03177170232213,2.943229748348336
134,robot,2,3.436459257297643,4.527508742708571
134,robot,3,5.057336871843555,9.843140117818388
134,robot,4,2.233225881619405,4.879761648826472
134,robot,5,1.4951173948933894,3.499992327079726
134,task,0,7.173107187064042,1.7446214376057456
134,task,1,5.813513075500431,4.167010235680072
134,task,2,0.5157954440447299,9.330752414784445
134,task,3,4.136031402928864,7.839265357511662
134,task,4,4.163134887318003,9.373603215787845
134,task,5,2.9047033442889747,4.122306496876968
134,task,6,7.588642402592863,3.436673152808569
134,task,7,3.6435707133517936,9.948231734142235
134,task,8,5.55614525690352,6.893804536701481
134,task,9,6.434622341536098,8.279241471565722
134,task,10,8.61825099441743,5.6325613247030955
134,task,11,2.9455607496639935,0.22800247574969457
134,task,12,6.144032510643202,8.254688332656196
134,task,13,4.505398055116595,1.647061404908643
134,task,14,2.880820729356409,5.099889295118646
134,task,15,8.366812189776665,1.7175314606842063
134,task,16,6.121498757095142,7.533686139505455
135,robot,0,1.1670369167885941,9.263916341645574
135,robot,1,6.014675351744795,7.6670158743228605
135,robot,2,0.5377470956855546,5.061481556405951
135,robot,3,6.226296740807937,3.068338398728402
135,task,0,4.316502081012526,5.54298135279598
135,task,1,5.525479397729799,0.41861525406838074
135,task,2,4.394817665788924,2.1381815479223087
135,task,3,9.166950780853497,9.76579990123334
135,task,4,2.996468963520691,1.7518539725105875
135,task,5,2.195041509483431,4.777522553529537
135,task,6,8.745055991131784,5.000362149376397
135,task,7,0.5539206171529765,0.3988560271314401
135,task,8,2.273909456228486,8.427712776094289
135,task,9,6.2148055753514395,5.629578537862915
135,task,10,3.1896959258264213,9.294254050461873
135,task,11,3.311782449621324,8.349444126529468
135,task,12,8.95903517975884,4.833350132161367
135,task,13,8.942892694807426,2.768032873910471
135,task,14,6.584334261832758,0.8796374852438626
135,task,15,4.739342140923939,2.173318021583479
135,task,16,0.6276327793060288,0.03725508077620732
135,task,17,3.2475211644080835,5.895305945367628
135,task,18,4.5523034765115735,3.0176929851949605
135,task,19,9.912000307762511,9.395250399796778
135,task,20,1.2565330683749687,4.151074266684947
135,task,21,6.488469339936108,7.334907975299368
135,task,22,3.6637215490949036,7.462818127353477
136,robot,0,3.318126252577047,7.164331757559051
136,robot,1,6.256827902603751,8.372102148616548
136,robot,2,0.4685702266715508,1.7439171782304852
136,task,0,0.4849458227196646,1.9211422424921132
136,task,1,0.04282810632935008,5.042103016788663
136,task,2,5.283143955682554,6.578917814059948
136,task,3,3.8491244720104345,0.03207690685184006
136,task,4,6.738911544076371,0.5429108774791258
136,task,5,8.66170430817744,0.22653987707937362
136,task,6,5.304751232566325,8.949178823855208
137,robot,0,6.084167465439299,6.816108483374057
137,robot,1,1.22408847730467,6.749271008105595
137,robot,2,8.803548820128151,9.742208328353165
137,robot,3,4.43051999358347,3.4450485167754685
137,task,0,7.53309615596317,5.428742880953146
137,task,1,2.573046544550305,1.7215788496970297
137,task,2,1.7023030059274369,4.591770366061521
137,task,3,1.7012440561565012,0.19718944011485773
137,task,4,0.5208877496969,9.298845439529657
137,task,5,0.7296134116013575,0.7318069058095955
137,task,6,4.511884455335324,2.4510028233503256
137,task,7,9.626938521724977,9.109858394978042
137,task,8,4.047432486712671,4.487315194162592
137,task,9,3.7511365307557023,0.3786611664312822
137,task,10,2.928468392547087,1.226734696119841
137,task,11,1.0237033001512275,5.608615729363878
137,task,12,0.9876485771356225,1.029313237952636
137,task,13,4.805137148193486,4.422823651226388
137,task,14,1.3763478513236937,0.04449024808863
137,task,15,1.9297444176784384,2.3589225418204074
138,robot,0,9.15438350527215,4.059443974879697
138,robot,1,4.050267265009778,7.124812837598667
138,robot,2,6.26922015704689,1.8414018669340915
138,robot,3,1.0768912229586136,4.3761189065505075
138,robot,4,5.6482836316276295,1.3870760315880926
138,robot,5,2.9327349340844453,3.0594299643057488
138,task,0,2.61298201024164,4.60761266291791
138,task,1,6.530635843197386,5.093898836159924
138,task,2,2.014565622473442,1.0293904704739976
138,task,3,8.218704628987004,4.793046827177857
138,task,4,0.621391841338772,2.58121499649558
138,task,5,8.040337783841547,7.5172632477354995
138,task,6,8.758166328973777,6.020878260016921
138,task,7,4.22905934358055,4.2663499755445065
138,task,8,1.9400004449294372,6.507989615178818
138,task,9,5.85068756092854,1.548644114288359
138,task,10,8.856629200453748,3.6846820331059704
138,task,11,0.49738765521068484,3.2788092077978384
138,task,12,8.698567147115758,9.169565858617846
138,task,13,4.903984172596335,9.563399400734179
138,task,14,8.752418092119761,8.252307170992253
138,task,15,8.59710064682206,3.818754121688235
138,task,16,7.564689407555436,5.773390030761493
138,task,17,7.1968400174030664,1.7778610758077462
138,task,18,7.3139391177494195,9.575924341941718
138,task,19,3.0266332238142954,9.86161323955627
138,task,20,3.7837601480537106,1.9972349702103287
139,robot,0,7.849619132881777,5.548254003765684
139,robot,1,3.0713129366202887,6.084503697937579
139,robot,2,3.3210118784100473,4.483577573284587
139,robot,3,8.626641257530911,6.681664768591648
139,robot,4,7.624018397047164,5.834935514695763
139,robot,5,9.91398048885621,2.4141006629089268
139,task,0,2.6229116071881475,0.9255893873833287
139,task,1,5.540195020707105,6.133592364083679
139,task,2,7.259615728988198,3.3544592594926104
139,task,3,0.122568018650272,6.3222953708832
139,task,4,9.986954925203827,2.9454935378999245
139,task,5,1.8393445246901974,2.8176695782635317
139,task,6,4.254154747770472,2.5091292895256467
140,robot,0,6.382067385793626,3.450279868426147
140,robot,1,3.9605894478365467,0.40031262799263945
140,robot,2,9.179425016228697,4.068859599148537
140,robot,3,3.281435160347943,0.864841962453845
140,robot,4,6.341832153951836,8.63824950263755
140,robot,5,0.41153200052400307,1.452724673660355
140,task,0,1.4638982888620733,6.022748553477929
140,task,1,9.212305027183689,4.377683670655096
140,task,2,3.4380644819385067,7.658406855966913
140,task,3,7.425690617556514,2.4675613927720965
140,task,4,1.6082636230788605,3.5781003241535636
140,task,5,7.756033922266312,6.950633899149783
140,task,6,6.658537063562052,8.294285601632039
140,task,7,2.7713031234139374,3.396837254695101
140,task,8,0.4233945060917599,8.687457758035334
140,task,9,5.824297349221781,2.9812229188369335
140,task,10,0.6941653144936555,7.234095031624596
141,robot,0,6.661786521150226,2.0378097094672953
141,robot,1,9.132160585086048,7.531580190208763
141,robot,2,6.577563235839703,6.509439234217876
141,robot,3,9.043577000916411,9.283071330971238
141,robot,4,5.956374180102399,4.1666941096254835
141,robot,5,3.637339795594162,8.190788410807224
141,task,0,6.446053398343335,0.7726603025365364
141,task,1,1.421860130150272,9.001858951048463
141,task,2,8.844981481045009,9.518324486974688
141,task,3,4.278509673283237,7.8406090764070715
141,task,4,8.282250273143216,3.156969058381931
141,task,5,1.4533771122714223,9.97026361639173
141,task,6,0.302192037513499,5.97335918711443
141,task,7,6.5021227418170895,6.8178934196964835
141,task,8,2.556277439690897,7.215792442988508
141,task,9,2.1639956328126555,8.290382557516825
141,task,10,2.191166740846345,6.967060290760775
141,task,11,7.834134858339759,1.8894575046218876
141,task,12,2.3798648763260277,7.791037387343669
141,task,13,0.8599897163495285,1.9076095246666414
141,task,14,4.555309061899152,9.301819287447707
141,task,15,5.618778348930105,3.876778482082255
141,task,16,9.783702222224766,4.637113062212885
141,task,17,4.33734973687482,4.116443168877235
141,task,18,3.1218007260679626,3.256948097375844
142,robot,0,0.40835597341881136,6.818167256463189
142,robot,1,2.012044981258728,3.8420800320449287
142,robot,2,1.46538972560332,5.527510440724698
142,robot,3,7.2935044495213965,3.5465557605636464
142,task,0,1.6341657754026295,2.2650558193117556
142,task,1,8.181129185255726,2.6764873505985243
142,task,2,7.7470259301122715,3.311994068062111
142,task,3,1.8873255434296254,7.27308559627431
142,task,4,4.6854502947520675,0.31277251274806406
142,task,5,9.599424193443987,1.4775344507210741
142,task,6,3.534069764530914,3.8479463499570734
142,task,7,4.894298992584133,7.854440223341706
142,task,8,0.06090279675126764,9.324720513360747
142,task,9,6.459894602030111,9.506488791489357
142,task,10,8.173895374164857,9.27838218083217
142,task,11,6.01000550935678,3.5730898287717485
142,task,12,4.429140631136037,6.580323103841129
142,task,13,4.2693185976633625,7.3167278346778915
142,task,14,0.9184801608002957,8.299866489848887
142,task,15,2.0418863964200415,9.439476095247226
142,task,16,1.5554579993726791,1.2916419610239782
142,task,17,8.11876110587393,8.187018277030143
143,robot,0,9.605304639047047,2.7053962868541603
143,robot,1,8.266487389902876,3.5204053004342084
143,robot,2,5.373986255693407,4.456000297013287
143,task,0,0.05850022673607236,5.744621935391577
143,task,1,7.47505887763953,1.7455238357527125
143,task,2,9.316558618930374,5.303995394185038
143,task,3,1.7824600315109351,6.459475709168853
143,task,4,1.9192270851534399,0.6353334829533641
143,task,5,6.853152424192422,1.1069488330549448
143,task,6,1.0621744837643532,7.399435631818133
143,task,7,0.5520223320807116,8.097691790479546
143,task,8,7.961487586478277,1.41393428077766
143,task,9,5.183806472769689,0.9662549096894235
143,task,10,6.325712197859872,0.6293001297054657
143,task,11,9.444808563227472,2.0773073536958164
143,task,12,6.82894655948645,1.2829142437711005
143,task,13,2.095964483267765,4.509496488833706
143,task,14,5.730961413415162,9.98863240391683
143,task,15,0.25926228090944137,0.0031441964408696066
143,task,16,3.50367094714948,3.6615636780241987
143,task,17,8.838372360986316,9.12582547697302
143,task,18,8.805249763593189,1.4317875048604778
144,robot,0,7.458851622950232,3.126110677842414
144,robot,1,6.632380285105512,2.37142863191092
144,robot,2,3.234192579608081,8.604296493484838
144,robot,3,2.505090360889951,9.643240868848629
144,robot,4,3.0625956093684694,0.23528109823277354
144,task,0,2.5490090380257047,1.7120494224342575
144,task,1,5.0682696621754975,1.1271606632786002
144,task,2,6.260488772454097,8.748990705564946
144,task,3,3.625188818037357,1.6849271930540444
144,task,4,4.0002499578441295,7.85966821450627
144,task,5,5.914876740795956,1.0114321332760312
144,task,6,5.371871543270333,4.680853814555932
144,task,7,3.2711225602116145,1.101605960533233
144,task,8,9.811119356202749,1.7604331989325561
144,task,9,1.9274289079074547,1.4558269210223584
144,task,10,5.701930386989381,4.436695744827004
144,task,11,2.4955718202655595,4.294233830215282
144,task,12,6.735218510617179,2.817005314986302
145,robot,0,3.0634623717770584,1.9817903082285326
145,robot,1,9.545678468728145,8.105606101181793
145,robot,2,3.4313762484346553,8.41431851143876
145,robot,3,5.1881424915380006,3.467524982610628
145,robot,4,8.396115895392143,7.521650668644404
145,robot,5,2.978748426431058,6.066785152579738
145,task,0,3.6939022351979722,0.010519725603881369
145,task,1,9.618157414002793,5.4962907607283675
145,task,2,5.984326016657832,5.998914256772949
145,task,3,5.506414608194028,2.9004784477359347
145,task,4,9.715761249080563,6.216684125152849
145,task,5,6.709213605539615,4.547927573170498
145,task,6,2.878614004907826,0.6434898217492935
145,task,7,3.5023019656788623,1.7609742926839211
145,task,8,6.620882682570119,8.790038848027194
145,task,9,3.027548582456523,3.3288262541404654
145,task,10,6.703645038290117,1.4927143424123634
145,task,11,9.294374266776991,3.6384678102548307
145,task,12,1.0119944592677466,1.7468400492064151
145,task,13,9.327460760074581,2.4711928836901995
145,task,14,6.622688038312864,1.5616522353826512
145,task,15,1.9410169234877772,8.792382188999776
145,task,16,1.4803322010256181,0.18750586736279162
145,task,17,5.012331895262763,8.627268132629347
145,task,18,3.2599104541562474,1.281622706457105
145,task,19,9.822308295656377,6.767386294894133
145,task,20,8.506906319481564,7.521382723289237
145,task,21,6.982422739891901,3.845640671309203
145,task,22,3.243399932036394,7.169585958944741
146,robot,0,9.505883840490933,5.686598178483223
146,robot,1,2.9462110578767353,4.895287993304774
146,robot,2,6.137138167259192,4.267297995769125
146,robot,3,7.911331233595482,5.8461321221583775
146,robot,4,0.09435727627650548,5.698398882320085
146,task,0,6.336037859418609,9.152612515440707
146,task,1,4.137216736641886,5.744676592713583
146,task,2,4.749974507143739,5.3165642846888534
146,task,3,0.6730407066899646,8.972836675331015
146,task,4,9.104123398316256,5.480596098426327
146,task,5,5.565555157209455,0.5755603594395453
146,task,6,5.979505131197568,4.291517898791625
146,task,7,7.090436302344373,0.47124916595572386
146,task,8,7.108876827294898,2.868938238323139
146,task,9,6.51705330453108,6.27125975312123
146,task,10,2.268414846322325,4.4045234521626675
146,task,11,8.356332590533246,6.055916435947739
146,task,12,0.6873830197841146,4.429088313208297
146,task,13,3.11771458777917,6.416456789116327
146,task,14,6.145639412952608,0.10398101510140534
146,task,15,6.07695509418463,7.348496539849368
146,task,16,7.687300324015754,0.5897577038996116
146,task,17,3.0365841710986894,4.212735605515238
146,task,18,1.797717077949118,4.207338711650098
147,robot,0,1.1321728300705158,6.686947628434194
147,robot,1,2.62572461160155,7.1140584747957245
147,robot,2,0.48108528016667984,5.627030530435029
147,task,0,3.9144866358684025,7.969713919154653
147,task,1,7.839515802055619,3.7555964245750815
147,task,2,6.227140140877143,2.275488688194881
147,task,3,5.804068361804202,0.8126469394752245
147,task,4,4.346042841186101,1.8272768153810914
147,task,5,8.833811820915226,4.449008179668318
148,robot,0,3.603818603300104,2.887410352398029
148,robot,1,2.0291978306153355,9.118715826670197
148,robot,2,7.9946578242695265,1.3326114443103088
148,robot,3,7.467248762917983,4.185307770366532
148,robot,4,0.15396654960569855,5.28367320376222
148,task,0,1.300464400848661,2.0993431309359467
148,task,1,6.96040961424093,2.571420371411961
148,task,2,8.918882018418167,6.571697584241699
148,task,3,8.32283484910809,6.151895383301841
148,task,4,8.688495910220158,3.6168467502215016
148,task,5,5.491405768855797,5.158904004443335
148,task,6,9.037907080779705,1.6491540860861353
148,task,7,5.780607631866924,7.544311942269804
148,task,8,3.7004976053366034,8.675815246159765
148,task,9,3.730147670777341,1.733087598959161
148,task,10,5.8404835540503175,4.205680100373125
148,task,11,0.15190104682004546,0.6983859249350322
148,task,12,1.9527718020659002,7.693299595181523
148,task,13,8.920395160337483,5.4564087401422245
148,task,14,1.0556546251412346,5.34418952241846
148,task,15,8.55605460596945,7.494776291225897
149,robot,0,1.2389060928835782,9.00681699762243
149,robot,1,8.54088746632211,0.5371536514522579
149,robot,2,8.236744898245643,0.9721263778493949
149,task,0,0.6328363340203702,7.5860089714625945
149,task,1,5.36310621924958,4.145480240903189
149,task,2,9.038621959760219,8.393035720677538
149,task,3,0.576234715470566,6.1608724194117235
149,task,4,7.722674032074583,5.504905797749521
149,task,5,9.830054990761884,6.860475046475482
149,task,6,1.041430126970253,1.9829801199995345
149,task,7,8.26245621199462,9.967566731443
149,task,8,0.983392668723897,1.003293178450484
149,task,9,7.6338705414328345,0.6435428171653956
150,robot,0,8.888164830096626,8.00449812318451
150,robot,1,8.815631998643823,6.505134021327537
150,robot,2,3.2253642193885845,9.06313190332791
150,robot,3,2.9872352497443178,2.7551083945484933
150,task,0,8.864004191927712,6.808225924932079
150,task,1,8.956720847092427,1.559012892539724
150,task,2,9.522967977656315,6.127421567003271
150,task,3,6.680350440934276,9.140605803264515
150,task,4,3.8075297469462868,7.195749946958622
150,task,5,6.40340621124484,7.877527188659602
151,robot,0,6.800608554300947,0.6763955450306436
151,robot,1,1.8314034584978023,9.539781822670841
151,robot,2,9.686504733772262,9.674133136983624
151,robot,3,0.36799400400117976,3.8244816794941827
151,task,0,7.59672703987996,7.528858036578309
151,task,1,0.8590890494995851,6.09488887089519
151,task,2,1.4286961854085745,4.932093328677933
151,task,3,2.396857008411215,0.5316117173472767
151,task,4,0.8001942552660957,9.108929497299082
151,task,5,7.44645964201534,9.318239817729504
151,task,6,4.699899323335527,4.132924989528043
151,task,7,3.5840729250209558,6.1630709605208995
151,task,8,3.515593869713336,7.462732339820062
151,task,9,8.013173262158622,8.75844593429381
151,task,10,2.4280093024527725,5.2702204929237535
151,task,11,2.2344461672983886,0.3755582342034114
151,task,12,7.078253041698376,5.489812739351247
151,task,13,7.2392727955308365,0.8762291140653711
151,task,14,9.955261790619419,9.94348566947032
151,task,15,4.649998255035127,8.66058715183836
151,task,16,2.4356855580555683,7.37566161223297
151,task,17,8.792258568135658,8.146662660807785
151,task,18,8.117740782411575,4.6302663208886505
151,task,19,8.199899477787728,6.9070481302130045
151,task,20,1.3245139814420437,1.1418440406452013
151,task,21,7.719221359346399,6.254640887729238
152,robot,0,9.072617908488281,6.595903568712186
152,robot,1,3.961467450883002,4.139318081761838
152,robot,2,6.0524436081758495,7.602752846863484
152,robot,3,5.643533069491241,5.087608822191797
152,robot,4,7.269007026541818,7.052645499070364
152,task,0,8.303468406135611,0.6255178627729441
152,task,1,7.549521320819789,5.137604509516899
152,task,2,0.7469312003315187,6.790100281695198
152,task,3,7.165401940019428,5.2362716954468445
152,task,4,7.937989776497628,3.002481086293015
152,task,5,2.019072185314361,3.5073395174327846
152,task,6,4.100505132959775,6.959336024021688
152,task,7,8.455199378782277,7.209181900786765
152,task,8,1.739875590696015,3.6621708480025736
152,task,9,1.58413713447778,6.867241995580513
152,task,10,2.481718782168941,5.253869328518467
152,task,11,7.918298431946843,6.709392749216151
152,task,12,2.9837399066513273,3.3286675061634083
152,task,13,6.533642866030318,5.494677493399442
152,task,14,0.9639348747004439,8.73991589273546
153,robot,0,4.733610131974654,1.9843933663226232
153,robot,1,3.769938189705373,3.328248623150991
153,robot,2,2.7073568282942686,5.674065746467731
153,robot,3,4.62275360280282,8.891976853146673
153,robot,4,9.413439770471609,2.1947342922809088
153,robot,5,1.0010542876721051,7.853375514877494
153,task,0,9.94861403638609,8.636000698541542
153,task,1,0.23697402118734723,2.51263550706466
153,task,2,0.4334227704126392,8.207793770411666
153,task,3,5.814069762923163,5.137185411670538
153,task,4,5.544498819965275,2.524512586965911
153,task,5,6.016383691388628,0.3066697846402999
153,task,6,6.460117239708396,7.344338301788308
153,task,7,6.730262637118272,3.3211751831222025
153,task,8,8.262629151275426,7.155439971174821
153,task,9,1.2829732292427787,1.9514422053831504
153,task,10,6.3710841317823865,2.8941613355602613
153,task,11,1.1943294144623695,1.549689931498922
153,task,12,1.6561718054040064,4.777909068183822
153,task,13,6.0738545342949735,1.7640227485441495
153,task,14,7.124966103632211,2.8101260750152846
154,robot,0,2.2349862107410754,7.85206135943191
154,robot,1,9.598138329368771,4.924998486780927
154,robot,2,0.420306414319922,2.6056931642547587
154,task,0,1.5805029111884605,8.427622848520178
154,task,1,0.8485398743320516,9.664762406883838
154,task,2,5.88513776624626,5.177397870741633
154,task,3,8.473506224191867,0.2754762129145616
154,task,4,7.771527494070096,1.1660404556851656
154,task,5,8.407780989404321,5.291762192378618
154,task,6,0.6112940236009179,8.332450388013244
154,task,7,0.2731411707125164,1.3837069289360349
154,task,8,7.97824523826629,4.64871123857891
154,task,9,8.813887043548338,6.354292727910835
154,task,10,6.2352875437040804,2.922351061320149
155,robot,0,9.611723908966827,1.0479768914339516
155,robot,1,5.290106000735676,2.7256859083478027
155,robot,2,2.641406635814547,5.94586219302813
155,robot,3,7.979341171788689,7.771794828312787
155,robot,4,8.688016891935535,2.9290273791236707
155,robot,5,4.657513817150738,0.09334573220024955
155,task,0,7.468576231363655,3.0234311214228304
155,task,1,5.614935332701865,1.6930028201945069
155,task,2,8.193995071343284,8.172722192782778
155,task,3,8.774529147529556,0.4593699710672283
155,task,4,9.924587097750138,2.4777941443969453
155,task,5,3.0943368604734944,2.493357291904461
155,task,6,2.6753269836653235,5.526613561036466
156,robot,0,3.9377131140040476,6.556065824432153
156,robot,1,8.360262035777268,6.927415002668795
156,robot,2,5.943228447873232,1.477285625410687
156,task,0,8.161156015412827,0.37274887993038686
156,task,1,2.6419166323530208,0.5705891693196119
156,task,2,6.674289755844626,3.6837108259351448
156,task,3,6.520484832048668,3.470309593035903
156,task,4,4.557407307994942,4.5796101016618085
156,task,5,0.455806536675446,4.302265263460035
156,task,6,6.410643631152027,5.460522460754338
156,task,7,0.7528376627828726,6.680559856867489
156,task,8,3.0886275491526094,0.14434802779022093
157,robot,0,4.9755965731655944,3.1040165903006867
157,robot,1,6.9438301375355085,2.4065347556576446
157,robot,2,7.727961684751686,2.8647718139397993
157,task,0,6.208637075844157,7.992163802511802
157,task,1,3.8555612864374886,0.4680494181547046
157,task,2,5.354455210588808,9.954090615445002
157,task,3,9.689918663769136,2.2102219394416824
157,task,4,7.556965094242524,3.4495183182006595
157,task,5,1.6027248018309148,6.6591470060249325
157,task,6,5.0086872952676895,5.3923055765567725
157,task,7,8.273926622355084,3.365436758874231
158,robot,0,3.6619146696262526,0.4272389658042919
158,robot,1,3.780151073363489,9.500344632041347
158,robot,2,4.8326248208841704,1.0823043683686817
158,robot,3,6.878268293762258,9.633793497185213
158,robot,4,9.079452465442571,5.719608378081387
158,task,0,3.762807443485312,5.806776685092404
158,task,1,8.159310621992494,8.612373420184543
158,task,2,8.188438849424411,4.554763784417377
158,task,3,1.1885798957022997,5.691734267387764
158,task,4,1.5642882803336522,0.6095833389785599
158,task,5,4.986678334288609,6.5537345004662795
158,task,6,8.541473064063931,7.828355539543036
158,task,7,8.572405127565482,7.6006877082089055
158,task,8,7.032393969061394,0.10137569140699632
158,task,9,6.261023118092105,1.2048180413911769
158,task,10,0.5866713233254106,1.564121521056554
158,task,11,8.232921614417503,7.438493931000214
158,task,12,9.487724052052123,9.789762586504105
158,task,13,8.93283986373982,1.3292605097699917
158,task,14,8.783827409249804,8.386371347886453
158,task,15,8.710858598596973,1.5168561711649142
158,task,16,1.1679182777331754,9.238088795840817
158,task,17,1.7382664913450452,3.686217310426012
159,robot,0,1.2444252782956444,0.2063428803254741
159,robot,1,9.940904697671161,8.766572448349612
159,robot,2,9.123379293506373,2.845630692721185
159,task,0,2.201015727454391,4.258665581754267
159,task,1,4.533193689780068,0.055994388642406356
159,task,2,7.7925311255983285,9.966670381420172
159,task,3,5.286908701020893,3.8825869501245123
159,task,4,3.927518932212033,0.9607713217210068
159,task,5,2.6616181836401176,5.021327886346311
159,task,6,4.318480011346973,5.450347457431102
159,task,7,8.490656486374066,2.25242302699612
159,task,8,0.2766418090631195,0.38225445282740744
159,task,9,1.3416880530685837,5.704829848044025
159,task,10,8.081848100379247,8.868059392806316
159,task,11,6.351132019749713,4.031432524508935
159,task,12,1.5451470815614743,4.014183394434791
159,task,13,3.3241513390778357,8.700258808571377
160,robot,0,2.2619589995452882,2.888010668157799
160,robot,1,1.36470164542689,9.185854490691312
160,robot,2,0.5034584623646854,0.12846248555894224
160,robot,3,1.8298893352686874,8.108740179106258
160,task,0,5.234667866310812,6.258432873769864
160,task,1,3.577316754157348,0.6867798554917004
160,task,2,8.561581624921681,1.9189427212540744
160,task,3,0.33059200545114686,5.7270413593319365
160,task,4,0.8328922038460107,0.9576185185983421
160,task,5,8.003770314825251,4.916095893179955
160,task,6,2.41508452247143,3.486264233595188
160,task,7,7.292409788431716,0.6635414475660184
160,task,8,1.164806159332099,6.162620349905696
160,task,9,6.069717344671073,9.724621845353719
160,task,10,3.7454948125544965,0.6507762717751586
160,task,11,5.375374348496279,6.383468117617904
160,task,12,1.3960278578624907,5.528619735351967
160,task,13,1.977671216582646,8.447300578810683
161,robot,0,4.296290959984418,9.66743190512804
161,robot,1,9.797738744497416,1.292510889476195
161,robot,2,3.677138048324676,6.003214700466446
161,robot,3,0.8483780958144438,3.8265550381413704
161,task,0,2.6117208401659076,9.520502209667042
161,task,1,4.115858228314705,7.626708585475125
161,task,2,3.8670536351217377,1.3181207041883547
161,task,3,8.631515301608474,0.004169169031038589
161,task,4,0.5594087397445002,3.6438440589704326
161,task,5,6.868982555187365,3.4170429529077575
161,task,6,0.6631281762097496,3.178400337341488
161,task,7,2.449808589901623,0.05419799818197957
161,task,8,5.348019131804018,1.1664591474418606
161,task,9,2.874962887966661,6.411898302224145
161,task,10,7.2511568882297714,2.6345562685602255
161,task,11,3.2919367106523403,2.4690923812746526
161,task,12,9.56888600316192,1.9051972698740283
161,task,13,1.8318060363367628,4.45035295831532
161,task,14,1.8930635920056915,1.5670845628560814
161,task,15,0.9587953770108548,6.401712481082495
161,task,16,6.1208225490189605,6.501628918779662
161,task,17,7.733000080093962,3.263580127925758
161,task,18,9.184237336119216,7.3320461106875605
161,task,19,8.04708588581187,7.209621638267112
161,task,20,3.584556454325618,2.8303248806263492
162,robot,0,0.9703036053335845,4.512805015659471
162,robot,1,0.4314098309523984,0.03945960027194495
162,robot,2,9.314989394746927,6.893368605878929
162,robot,3,5.618469470659689,3.4110203942305786
162,robot,4,5.705380146850741,8.915757763383317
162,robot,5,6.523801339438647,6.024819979535042
162,task,0,4.6020450297167805,3.45697030650858
162,task,1,6.985471139217117,9.809809410158142
162,task,2,4.247576935205901,3.922052040142008
162,task,3,4.281134723650425,4.255439680497215
162,task,4,9.906247733684951,7.067782575093407
162,task,5,3.591844492105917,3.7150237382672255
162,task,6,4.307969247440557,0.36712187580449696
162,task,7,5.2781640202125,8.113809515227647
162,task,8,6.605677932075106,1.984208467615416
162,task,9,7.280342413783699,7.194586063320303
162,task,10,2.625392156489971,6.228746568569351
162,task,11,6.109490331219361,8.397876238561816
162,task,12,1.3607231183344126,1.9483850451152274
163,robot,0,0.4414514889230703,4.155941976017066
163,robot,1,7.882190419997233,1.4871439398399822
163,robot,2,4.5994873693652485,9.897692333824446
163,robot,3,5.059200134248644,4.9832382412209055
163,robot,4,5.587935837241681,1.860043703327412
163,task,0,1.4716388268594427,6.773546291151085
163,task,1,3.9576680990577016,2.8990662821547577
163,task,2,0.31391619919897584,8.460504971784825
163,task,3,0.32328865844832744,7.499831240833194
163,task,4,3.8198855899858097,5.986878105046501
163,task,5,2.476780006901623,1.5539966623207313
163,task,6,5.333880008349475,6.956176949541436
163,task,7,1.9549329494514656,4.363589474325642
163,task,8,4.4465497029139565,2.1597914907946283
163,task,9,5.65049446252131,1.4593568678170066
163,task,10,5.097491733185801,1.134315113659995
163,task,11,4.855424088551374,3.115990548755568
163,task,12,4.52246292081535,4.337493594431741
163,task,13,9.079331228185929,4.899355999564627
164,robot,0,2.2565239291171526,3.5208279463425884
164,robot,1,0.7508938063319093,4.207477948214936
164,robot,2,6.68699887074931,8.381670341093962
164,robot,3,5.659149117991552,6.400726695930786
164,robot,4,1.7726707761694815,0.37206038233439376
164,robot,5,7.91688145177316,1.670382074412864
164,task,0,0.9116953553275242,9.375623209065953
164,task,1,9.635213640591765,6.1625729160249465
164,task,2,3.7863727268729344,8.332395409640519
164,task,3,2.047199593354124,4.293923274296819
164,task,4,3.5701729900060175,9.126999907416817
164,task,5,9.197774153622737,6.508859263236664
164,task,6,1.1074014027269186,4.821927896583025
164,task,7,2.453283662240567,8.849156631844819
164,task,8,1.384027990162019,0.5431027586070736
164,task,9,7.044290335500783,4.532860749681529
164,task,10,8.383648876030845,0.7462963116931176
164,task,11,8.010761326078425,0.37334752844158325
164,task,12,0.2807001191395697,4.613157517310297
164,task,13,2.212912896806518,5.937187070065306
164,task,14,0.25816994211470434,0.3538954236297853
164,task,15,7.271484961719405,2.1016516249231163
164,task,16,6.5641712366073355,7.499221615007585
164,task,17,0.5933116572496744,7.697539544642392
164,task,18,2.68421217961286,3.8954595819974824
164,task,19,0.8663919229531669,8.386299833648527
164,task,20,5.607287863257639,5.046652778471722
165,robot,0,3.345057599406708,8.90779286476696
165,robot,1,7.196878810646043,9.28528135852239
165,robot,2,9.078020527624597,9.910298050260696
165,task,0,1.3167675203715756,7.96016392091595
165,task,1,8.044943549475033,6.443735281784868
165,task,2,2.78860958238202,9.651482716283152
165,task,3,2.0442213789020958,4.99575378358439
165,task,4,5.214871128191863,1.6182934483603884
165,task,5,7.225288223332409,0.8886716418023977
165,task,6,6.93097778846711,8.486154962906369
165,task,7,3.4939642508239954,7.094208085992002
165,task,8,1.567740081478498,8.459490014528786
165,task,9,9.520316985532247,1.526936934997769
165,task,10,6.918594739723321,5.0583109655652585
165,task,11,5.314993318323786,7.064897186006882
165,task,12,4.887404993364372,6.003263920177168
165,task,13,2.309010194113772,3.7850659648863028
165,task,14,8.652403500715021,1.099025116483856
165,task,15,5.975752609336399,1.8428706223489022
165,task,16,8.465395979233719,5.790439538535498
165,task,17,4.030487826702711,2.4982467365181793
165,task,18,4.368446991896344,9.576123259217423
165,task,19,5.092092897436205,4.694895316998602
165,task,20,7.462738135003091,3.790470708319067
165,task,21,4.27423949880794,3.369477315716191
165,task,22,1.509197553293914,7.138092142026506
165,task,23,8.730309138836237,9.055926492427655
166,robot,0,4.5178380243799285,2.8406619220319627
166,robot,1,6.379237496008234,9.547049119060317
166,robot,2,7.27050648168605,4.948485615901566
166,task,0,6.888085745134482,7.72537912454397
166,task,1,9.192692613280707,7.6321575397215415
166,task,2,4.331905556359056,2.736065184654841
166,task,3,4.998816647295913,3.281779446054718
166,task,4,9.42764592687814,5.079658434499622
166,task,5,4.720563359640083,3.481962181548629
166,task,6,6.394069902916003,5.200512786209478
166,task,7,1.2904892289825654,8.692078108304946
166,task,8,3.590128321437984,4.325784299581542
166,task,9,2.056670566635791,5.533982076178892
166,task,10,7.020550624285829,8.811653206259395
166,task,11,0.5160766497226266,9.733319096993784
166,task,12,7.038177420203567,2.842986844115174
166,task,13,2.0447475501396606,2.9608791865459794
166,task,14,8.757257516664424,2.9139017319595037
166,task,15,4.628211345572357,7.057380542422326
166,task,16,8.719898637238856,6.585711623461041
166,task,17,7.531091965344227,1.733267962959556
166,task,18,8.774078276911387,2.7571918361811063
166,task,19,1.283781640565157,9.762442903406694
166,task,20,2.01639925454161,1.3665197007797647
166,task,21,6.2602090010178655,3.188631494960953
167,robot,0,6.01121117215876,7.589852272222355
167,robot,1,7.931983742071566,1.5551260101227238
167,robot,2,5.568670679399422,8.136783706814606
167,task,0,1.6108701142418524,2.076822517706749
167,task,1,0.0241139743167762,5.246341563952881
167,task,2,1.9468169686195091,7.242425757268991
167,task,3,9.622138556176058,2.0875548899907024
167,task,4,6.490970117635326,2.118344614585114
167,task,5,0.18006858979704,7.5855419421458485
167,task,6,4.340046766508928,9.46786861514653
168,robot,0,1.5748286897568398,4.497744417972779
168,robot,1,2.028917948060165,8.780292726865746
168,robot,2,6.909031808875248,3.4123880465470355
168,robot,3,5.278203228071404,6.694801882130284
168,robot,4,7.828577166454252,0.8014720987054169
168,task,0,0.22518841995246786,1.1445269716988982
168,task,1,3.94996310172563,4.66706610082092
168,task,2,1.3646163021384838,4.111531378996053
168,task,3,4.416227863618305,1.090899636774867
168,task,4,9.16659960195734,5.991459275877076
168,task,5,3.885355304562821,5.069071834722067
168,task,6,3.141974864688067,8.54331031644593
168,task,7,5.750150415685037,4.948958143935434
168,task,8,9.108854030955976,8.379796982340677
168,task,9,8.128018914258494,2.256092042318442
168,task,10,1.5312311146835678,6.900965197127476
168,task,11,4.686422563413959,6.837127129568436
168,task,12,7.606272321111164,2.953135073447509
168,task,13,2.846504331228087,4.9083156625818365
168,task,14,2.7354931352649734,6.672952760161995
169,robot,0,4.720389460532443,7.237997655986432
169,robot,1,5.104375690707762,7.128717219670092
169,robot,2,2.2496824779572533,7.3884304593304195
169,robot,3,7.151240234570178,2.6660570704917763
169,robot,4,5.55970991040175,8.553116678744017
169,robot,5,2.4952264697243898,7.359797840146763
169,task,0,9.53966717146887,8.66241919757565
169,task,1,4.0152008268027615,6.072077329881385
169,task,2,9.917701342527039,5.684374113757185
169,task,3,1.1502760243036658,0.45430754778760907
169,task,4,7.903145097440284,4.236283254018462
169,task,5,2.4681289062919443,3.4767203066094696
169,task,6,7.5737286654645235,4.652473356338291
169,task,7,8.684994925258765,7.349255887776993
169,task,8,9.74014150445425,8.885037667898434
169,task,9,2.5454721178600916,6.590592328025533
169,task,10,0.20543034528143878,9.911067244295982
169,task,11,2.6100610880259656,6.647950936235841
169,task,12,8.491536211995653,1.6046466272797144
169,task,13,8.478793428104792,0.12245665790822424
169,task,14,4.419771380854074,4.720376225311385
169,task,15,3.740907132587359,5.863847463004998
169,task,16,9.14842348702632,3.2698911430028907
169,task,17,5.792598871664242,8.774625257433229
169,task,18,7.729953951013782,0.40733264805495994
170,robot,0,0.4664690425861273,5.887584743743296
170,robot,1,5.753536203151648,7.86390230702316
170,robot,2,1.4844305184897766,1.7937039206270378
170,robot,3,7.521069327383605,1.4950475241162509
170,robot,4,4.694451270656396,7.316480902109319
170,robot,5,6.512419287826812,2.1060418611309517
170,task,0,3.0396025868608554,9.68974903241041
170,task,1,4.486706201548839,0.4445747643638054
170,task,2,2.1958489946633266,3.4243508966183764
170,task,3,9.994894042945859,3.0269154747691864
170,task,4,0.26395848782544973,5.12921577555336
170,task,5,0.8360538497397707,2.7406759869572186
170,task,6,9.923831760939391,7.046385189301544
170,task,7,0.5066662928287036,4.48686718591796
170,task,8,1.716375126288493,1.2294465640212127
170,task,9,5.870654133488021,5.056558896402157
170,task,10,7.428665843155082,8.923062282318597
170,task,11,2.466818574316619,9.22991986655397
170,task,12,5.179917725540955,2.5883491818511715
170,task,13,8.457858381026092,0.355299180290225
170,task,14,5.595093774729606,7.216215350299667
170,task,15,2.7997768715614324,8.634919175632179
170,task,16,2.4028456335798487,8.398742827317392
170,task,17,0.7854496383245724,1.599275918684313
170,task,18,3.8098458390190815,8.540555127981794
170,task,19,1.4458536512678244,8.754382397942415
170,task,20,2.2973152661279372,4.525083985945288
170,task,21,3.5273440426033775,1.1812622661452354
170,task,22,9.443097395191401,4.381782907522135
171,robot,0,5.752676766640311,5.017159168522074
171,robot,1,6.16577623556849,8.98342306202429
171,robot,2,6.993123756941095,5.324800794552211
171,robot,3,6.451859606659763,6.063942805090216
171,robot,4,4.3312120748631315,6.247640101304503
171,robot,5,4.435698001641636,7.576143778719123
171,task,0,9.689124835222856,9.598653574972293
171,task,1,8.207357864249804,6.0175889705948515
171,task,2,7.493319880707405,1.780482952575544
171,task,3,4.790184573139226,2.5730476499136437
171,task,4,0.03494981109347095,9.66737574672076
171,task,5,8.638485618518413,5.136986184699268
171,task,6,2.541522881190068,6.929752101992367
171,task,7,4.3480108454992745,8.033495334226995
171,task,8,9.995181101809493,3.490826074898701
171,task,9,2.4440304347804775,2.6738248879475823
171,task,10,0.9334624568067196,3.9404619650015538
171,task,11,0.17425052716909306,1.143955574012756
171,task,12,2.716957472726703,1.5986277590948073
171,task,13,7.321590995007252,1.0560479086790031
171,task,14,8.659941050245246,2.211145037109529
171,task,15,1.0859061697156769,0.10106644431258527
171,task,16,7.152050043221464,2.56616745938542
171,task,17,5.094986051377748,1.1161604667215574
172,robot,0,1.2538473906995529,4.119259266418782
172,robot,1,8.516495023344659,2.448869484804068
172,robot,2,2.6697178534617336,8.08499515890733
172,task,0,2.733396571920127,0.028713110948129783
172,task,1,4.279137204899498,0.1253520967847499
172,task,2,9.097922838293668,6.418132241792209
172,task,3,5.830142662212422,2.015895108623631
172,task,4,6.999461854286363,6.772546436783458
172,task,5,0.6046357392536494,8.808465308105726
172,task,6,5.794133629298055,7.924668810386102
172,task,7,2.629140721288442,1.2204779975345414
172,task,8,7.024495731867846,7.938826862551621
172,task,9,3.8603353361929136,0.2369227531631124
172,task,10,8.182540246538645,2.0609390633044065
172,task,11,3.390319418974882,6.282310077771303
172,task,12,0.9995471921130272,0.7199576613846315
172,task,13,0.2570377157527426,9.166398602394555
172,task,14,3.1138274426865564,6.6065881511713185
172,task,15,9.892352490177421,6.694507935619435
172,task,16,5.250947958561801,5.209199335172386
172,task,17,3.7691714845555166,5.997796559550853
172,task,18,9.587913895457042,7.880440336983101
172,task,19,4.242266170332375,3.3244482903253325
172,task,20,8.835315296231215,1.357858256265938
172,task,21,8.495852569643018,2.5507676134233237
172,task,22,7.1562923577591775,8.0622058077483
172,task,23,4.769965172634726,1.9228397614227433
173,robot,0,3.6750834505331476,3.206802604825193
173,robot,1,5.100161823534396,4.350862411039177
173,robot,2,6.830522170387242,1.3719780837266538
173,robot,3,4.356896540478729,8.91701811225204
173,robot,4,0.3606270943972545,4.573383331533264
173,robot,5,6.605319663852102,8.877110870419854
173,task,0,5.937862269331758,8.244842712393286
173,task,1,2.2269101895928642,3.5280943622785954
173,task,2,9.421322739280427,8.859751130926863
173,task,3,5.579529826887045,4.7548833779484525
173,task,4,4.510673914544585,0.5878966156701604
173,task,5,8.923771039565668,8.181495084153354
173,task,6,4.562511447278671,2.794399727194734
173,task,7,3.4292060642653057,1.2316058587288947
173,task,8,7.217897413057226,5.566698565548577
173,task,9,2.341034228248949,6.230055720776897
173,task,10,9.792302142549747,1.223951354761792
173,task,11,4.584850106253278,4.941588209221267
173,task,12,1.6679721382380241,5.315802109973148
173,task,13,6.0597725854809,1.573445388184953
173,task,14,1.547238990088764,8.56348715633756
173,task,15,3.1138743667004487,6.303333870786309
173,task,16,6.267730756752141,8.39170875582635
173,task,17,7.398946312315235,8.405764334382779
173,task,18,6.252147896506656,4.49457160513994
173,task,19,3.935665213130747,3.790297666614358
173,task,20,4.183930979091578,1.2930925215377032
174,robot,0,3.8944490720262115,0.3457166331823147
174,robot,1,2.7513075532634,7.519069747402169
174,robot,2,5.779455714096253,8.061674967560302
174,robot,3,5.426880443807649,8.540837654752675
174,task,0,7.960670996017168,0.9828457014224712
174,task,1,9.770063680159923,0.14747446901328787
174,task,2,5.968380379296185,7.925115093167623
174,task,3,3.3189413985090344,5.985697922971579
174,task,4,3.6212253084744828,0.606149750075019
174,task,5,0.08461519089330904,0.9486203011118832
174,task,6,0.984095941200468,6.1088977739375
174,task,7,5.258652309625132,4.554633001731421
174,task,8,6.919214756024176,0.16826137012448394
174,task,9,2.7098348141573094,7.773927312876278
174,task,10,9.099771065171185,4.383365962375816
174,task,11,0.8148398013846636,7.9872873922848795
174,task,12,8.851704332727335,4.136602706937195
175,robot,0,0.4397166822294529,5.910828218948559
175,robot,1,9.098694905624992,6.778880255203257
175,robot,2,3.1724859789473436,6.428883242899669
175,robot,3,8.320684074480255,4.758300593494579
175,robot,4,8.197484899978386,3.9190967666635412
175,robot,5,3.485056785957706,5.829886258785541
175,task,0,4.6468641769448125,9.771119204610832
175,task,1,5.163894235281747,3.851720289160215
175,task,2,3.9493354312853626,5.479399506131166
175,task,3,3.5491203800819537,7.229066019649359
175,task,4,3.806629277016409,3.8414438652524305
175,task,5,6.169732493768047,0.6084687269600997
175,task,6,6.553549181151461,5.049722171586871
175,task,7,4.530261142866417,7.192529907079513
175,task,8,7.58255782004861,8.462608634124592
176,robot,0,3.270376922533811,7.143421014945195
176,robot,1,5.818048591404459,6.318015463518166
176,robot,2,5.555229071058353,7.726930232038544
176,robot,3,1.9004088849215317,5.5571213274139675
176,task,0,1.581017889436298,4.0725193929099195
176,task,1,6.6399382341607485,4.930716083141704
176,task,2,3.795915366721813,8.849700014156062
176,task,3,7.728257144974783,5.262907850003749
176,task,4,9.50053155675488,4.243652894349939
176,task,5,7.88072927588106,1.6793623980141792
176,task,6,2.85792477110597,3.380855813339548
176,task,7,1.058207527045233,5.018048150760679
176,task,8,1.9226013412649567,6.3418588944965855
176,task,9,1.9009235957301829,1.2350625733927534
176,task,10,9.690867275989245,6.582403058111063
176,task,11,9.364509147084885,4.898877919932319
177,robot,0,5.743711704314439,5.5832888683570845
177,robot,1,0.14975605936593972,8.612420444018316
177,robot,2,6.199706806164247,7.446911693761461
177,robot,3,4.939211061575146,6.18402437908263
177,task,0,2.574698932285242,9.737577677686472
177,task,1,4.007200075476652,1.623266213376291
177,task,2,0.5591541837462732,6.361719330853711
177,task,3,9.833798511764558,8.957944968462817
177,task,4,7.021045674864136,9.905979289928608
178,robot,0,3.3925112340139596,6.012181330601731
178,robot,1,0.7976664248556153,2.216824902225408
178,robot,2,4.175402359284922,2.018184935630453
178,task,0,9.535010148281707,9.955975267446494
178,task,1,3.709359201216654,7.092289860771986
178,task,2,4.077707306632405,1.395092043862064
178,task,3,3.3692684770210857,2.333716987156632
178,task,4,3.2807822040741974,2.150216883977165
178,task,5,1.123451190582464,2.174284293624129
178,task,6,9.057570318298428,0.8522167577652873
178,task,7,3.247566437552345,5.284498945026353
178,task,8,3.545126561783568,5.176070950188873
178,task,9,0.43420060234353963,6.485696333643778
178,task,10,5.634788015560602,6.809662658546916
178,task,11,5.67257815827237,4.379035824256632
178,task,12,3.5014154229408243,2.264351900997762
178,task,13,5.000677268066126,0.26052452377506974
178,task,14,3.2824082809932573,6.778722935645294
178,task,15,1.0871703968635926,0.6289124231952858
178,task,16,6.521786052913653,3.9777472114235026
178,task,17,8.018250365493811,9.373113039713239
178,task,18,9.57040453732577,4.2559285389417925
179,robot,0,6.08613738742478,6.281929259282364
179,robot,1,6.223449360758967,3.2177861371888117
179,robot,2,0.6375173641730303,2.1000483882559893
179,robot,3,1.5441942802223374,1.2390034578331022
179,robot,4,9.26283321071573,0.13847645973967926
179,task,0,6.018577392363217,9.474737957401368
179,task,1,3.600531274941279,5.270980891724625
179,task,2,6.9578366347515965,3.1716969465823883
179,task,3,4.7765198770724915,8.17102850332752
179,task,4,7.453556652802636,8.084494114928408
179,task,5,9.87340163627656,3.70327474936179
179,task,6,7.470912629357731,6.027845671019829
179,task,7,6.666047672211963,7.398739048329345
179,task,8,7.497313169463148,8.857451492948197
179,task,9,3.4932167523605537,6.5348135611191065
180,robot,0,5.9456870511697515,7.511751401719279
180,robot,1,7.910010861616403,4.201245029891227
180,robot,2,5.087202232013598,3.3384985117017285
180,task,0,1.690363465396305,2.6051740519253217
180,task,1,9.121370048998244,3.0896954240931596
180,task,2,9.747593335456102,2.414780852153817
180,task,3,7.230710874810447,5.739032935718357
180,task,4,6.968700495247986,6.439579466091811
180,task,5,7.067485835975892,9.05547048435459
180,task,6,5.634694960624814,0.6784878290399521
180,task,7,2.7082543444689957,7.082189804087639
180,task,8,4.940746279756734,5.485519826196868
180,task,9,5.965804553802915,3.8262927298456995
181,robot,0,7.235348838965486,7.142994121931139
181,robot,1,7.153101740349447,8.903580016542477
181,robot,2,5.953927794432744,9.670721994969583
181,robot,3,1.191926843906379,6.319589765938644
181,robot,4,7.1692654593579555,4.772204109543595
181,robot,5,2.8820838645693647,5.50037452711099
181,task,0,3.6474768029070272,9.091240710678164
181,task,1,3.567924125332549,1.7570699270212908
181,task,2,5.763891401654528,3.9599259138036933
181,task,3,0.9589814480084102,5.648423509979084
181,task,4,5.378464111657014,1.731970866331951
181,task,5,5.976381689598429,5.67358973857489
181,task,6,7.736126230415909,3.6156992984263434
181,task,7,2.487595236636393,9.512198869707756
181,task,8,5.612175227827882,0.27139958884180304
181,task,9,8.207116841117433,1.9675806091894077
181,task,10,7.860363176458435,7.051624271559648
181,task,11,9.688137242631573,9.655793015945262
181,task,12,2.7441062465575996,7.664495812234184
181,task,13,3.1685508577992394,6.2919793882959425
181,task,14,5.977460849545931,0.5454351562116466
181,task,15,0.05181749835357574,0.5776401459480951
181,task,16,1.279420475317411,2.576524913477737
181,task,17,9.069552232425623,5.186326753466863
181,task,18,7.9689173884078865,8.38311752107208
181,task,19,7.349430985905412,3.9138512442057194
182,robot,0,7.420497533209206,7.431514434050524
182,robot,1,9.015743271655692,5.986634724576837
182,robot,2,5.285744299621767,8.901625575970753
182,robot,3,4.544617281641968,8.11570696028843
182,robot,4,0.5384636044480773,0.01289944456322134
182,robot,5,5.282924896043568,0.7361189381638022
182,task,0,9.765430134530636,0.05501174039798773
182,task,1,7.181496364986463,2.433846957862207
182,task,2,9.675520052720563,3.8154165062789613
182,task,3,0.2728342626386515,0.2693576540878273
182,task,4,5.533733717246886,9.867119790312811
182,task,5,9.797735350457193,3.372729722892658
182,task,6,4.82703649188897,1.004558057978161
182,task,7,5.221768559917317,5.997015990482732
182,task,8,2.5106166561132106,6.121144359151738
182,task,9,8.996927516962538,0.00955333423480531
182,task,10,2.289337743079445,2.0991956332393813
182,task,11,1.2388620303382702,1.6610121273710188
182,task,12,6.259125453653876,1.0269439015064263
182,task,13,7.385316090207217,8.870225905583833
182,task,14,9.26587724178369,6.601758143197008
182,task,15,1.9739641063361602,0.8529657553990788
182,task,16,2.320249538069996,9.619571857850426
182,task,17,9.623452017507121,3.8191888391834206
182,task,18,3.2579154109755057,5.1001058225906535
182,task,19,2.916880914674007,9.796624516555633
182,task,20,2.212213900245774,3.691426821827686
182,task,21,4.293708757001783,1.2506402308116216
183,robot,0,8.567307201019734,1.4036100145675845
183,robot,1,5.840219508261873,4.066371380600168
183,robot,2,1.7053672611745474,0.12336164449205822
183,task,0,2.733433034899002,0.6182896069800192
183,task,1,3.767684712967352,8.102098556993457
183,task,2,7.196852608776124,9.47383711701767
183,task,3,4.270154173370692,7.078013985918528
183,task,4,6.653417221020202,2.170463031582596
183,task,5,3.035825052326585,5.298295333977602
183,task,6,7.9665731900592185,4.618127344629325
183,task,7,2.277415361755273,9.934656902803699
183,task,8,1.1557880635366846,9.558889074913278
183,task,9,8.090462884304888,8.388935193078519
183,task,10,7.949175830914994,2.08170941304622
183,task,11,6.325823773952418,7.567498124509317
184,robot,0,2.7156537054407757,1.8111938776368142
184,robot,1,3.281229839145492,4.7984448037739185
184,robot,2,5.737807470636765,8.369503623191605
184,task,0,7.6903422770461605,6.761505256665162
184,task,1,2.634892929427606,4.788804989349433
184,task,2,3.3543587412796105,2.349281795505341
184,task,3,0.10245360383479452,3.394619705706906
184,task,4,2.561162677146215,5.719023269668167
184,task,5,0.623017702837122,2.7051959671020107
184,task,6,0.44769489988415345,6.414179045134361
184,task,7,5.681895585686249,3.3748002307447322
184,task,8,1.473346004355438,9.579198327687351
184,task,9,5.843924473886134,6.791133665720679
184,task,10,5.313487532694518,8.06533247646205
184,task,11,8.963800495481212,3.827105435976298
184,task,12,6.900253122306106,2.2988748454639696
184,task,13,6.518550471620385,3.9915562997655263
184,task,14,0.06781599401304961,9.555278684226208
184,task,15,8.684415455387189,2.908365503460284
184,task,16,9.977573142328605,3.1712767455653412
184,task,17,4.588441864590748,8.51259026174417
184,task,18,3.045963513280409,4.505402843875
185,robot,0,1.3046755477242822,4.223503686917177
185,robot,1,3.094099373616265,6.76774305864818
185,robot,2,1.3596939006037179,2.327314791009374
185,robot,3,7.113762037524828,1.562243697241148
185,task,0,4.220192622398898,7.128807220926188
185,task,1,7.654683844300053,0.9488117867166845
185,task,2,8.519956094194782,7.239723011299663
185,task,3,3.3929458869331377,7.638028523302401
185,task,4,7.282988653406591,6.008912265083856
185,task,5,5.5848117340584436,7.3470348889958546
185,task,6,9.992599017054545,5.785522493158854
185,task,7,8.08717871762248,7.4427371731558285
185,task,8,8.558084020338256,9.545248613841384
185,task,9,1.930832074608152,1.654596363951163
185,task,10,5.863518284149008,4.492950628865044
185,task,11,5.707226929191692,7.9804273448550855
185,task,12,9.317144800492464,4.174158251985581
185,task,13,7.179326455436245,1.9679918784140937
185,task,14,5.345519493545235,0.21804777780519924
185,task,15,5.03750567133097,5.453364591254999
185,task,16,7.354453357783313,6.494847902069917
185,task,17,3.5839673430580152,0.05730900713121323
186,robot,0,9.730606535174523,9.223331583153058
186,robot,1,3.2509316308114533,2.588529399238877
186,robot,2,4.3641629369003745,6.899400296120728
186,robot,3,3.568276726579737,0.6729384773115554
186,task,0,4.027950924443964,2.605889944814319
186,task,1,3.2493001121121177,1.6295724578730442
186,task,2,6.588400694456475,5.266309332452249
186,task,3,2.7086311729535426,5.538624813062414
186,task,4,4.92707847167238,7.95974856566028
186,task,5,9.559842693402016,1.3067050897865595
186,task,6,8.839134789079829,7.047969382849021
187,robot,0,3.7430089714247226,3.43908195464921
187,robot,1,0.056394848225169714,9.822048746373078
187,robot,2,6.065058323730488,4.023286239239255
187,robot,3,5.437688218921785,0.4052703409626246
187,robot,4,1.7365095529166885,6.233599249634025
187,robot,5,5.1426172968362005,7.870748229276331
187,task,0,6.587426904453371,6.014356759793872
187,task,1,8.152657043053134,0.6826310555190063
187,task,2,6.9088679643128525,7.155907132890155
187,task,3,2.7516354968001098,1.9564963648739442
187,task,4,2.1385247545599917,1.9814086343199422
187,task,5,5.2378219090359455,1.3562631136582848
187,task,6,6.592858614193505,1.0507825894876954
187,task,7,0.268896403102562,3.192902424458711
187,task,8,1.9185972373304105,9.886620554100823
187,task,9,3.029963006172174,2.2206408602551377
187,task,10,1.9676982349921457,3.738529048034903
187,task,11,6.058488953315778,7.819452750462824
187,task,12,3.645762477430684,6.259709800427894
187,task,13,4.820598982793874,8.464953462533984
187,task,14,5.690417771584352,2.8989167187910017
187,task,15,7.0358725717825585,8.200644880229959
187,task,16,4.654406567639651,9.871972388823188
187,task,17,8.790968791913134,1.9695466966549147
188,robot,0,6.009512443497661,5.348112978078347
188,robot,1,5.139385865795684,8.53411142782429
188,robot,2,6.108727889034485,5.377059850537337
188,robot,3,0.48859906758049076,4.483028697585574
188,robot,4,9.080415620455076,7.11736729344619
188,robot,5,0.5095397805615343,8.839922821510424
188,task,0,8.26667221377054,5.46684211569528
188,task,1,0.2240546518228148,5.624296180338007
188,task,2,0.545890499264261,3.203789596374804
188,task,3,6.289096189027389,9.129130838821744
188,task,4,3.5779563725947874,8.600237828834533
188,task,5,9.183610104005163,0.21043880457314312
188,task,6,2.394278377525315,7.098622992274988
188,task,7,7.568430430795484,3.9241685021705406
188,task,8,6.56754612772855,6.121586173620352
188,task,9,7.397749616010599,7.186584277451217
188,task,10,0.8587079799036135,1.5825018094006094
188,task,11,1.32727147259316,9.32480069842819
188,task,12,9.135426483529892,7.9741226959697
188,task,13,1.1671856067595932,5.742714699195859
188,task,14,1.8723062608985142,3.683839375588025
188,task,15,2.6709127663741294,8.28930981487466
188,task,16,1.4445139951927322,6.461791686100757
188,task,17,9.83894663776167,6.870545832536335
188,task,18,0.792334890069597,9.07849501962525
188,task,19,6.430796776895962,4.563109796052035
189,robot,0,8.79044330472637,4.771272279152493
189,robot,1,5.313214828122293,4.524473992179535
189,robot,2,0.7259142632366522,7.870701269273584
189,robot,3,1.2641174364183894,3.945700102883103
189,robot,4,3.8682284560772917,2.8004079208673796
189,robot,5,4.025071258944184,6.180091103824285
189,task,0,3.1138731220771176,1.7251193769827644
189,task,1,8.693675105072666,9.708326498571354
189,task,2,4.5858382387632055,3.2701971234458584
189,task,3,0.47482077778229326,0.36851540610053135
189,task,4,3.9288199564540207,9.302420183009657
189,task,5,7.307085434015645,3.49269418870775
189,task,6,9.68046425182061,4.287579032557307
189,task,7,2.7679274397464573,4.263532447243572
189,task,8,2.115432269838328,8.856387702007957
189,task,9,3.6117331041769027,6.579689644943214
189,task,10,3.8904719882716354,9.017314179639625
189,task,11,6.423807517156302,4.882518902812994
189,task,12,1.321429691813385,9.019166628522044
189,task,13,5.4681686827177085,2.850529729614175
189,task,14,8.779268918167041,0.544404273944078
189,task,15,3.1407691732957166,5.368284012021476
189,task,16,3.3981433604329303,4.767342553788579
189,task,17,2.643162523309839,1.3008309093289716
190,robot,0,1.576465649121419,9.529465140248117
190,robot,1,5.754031333367385,4.889601252779515
190,robot,2,3.843238393057086,7.084201459833853
190,task,0,1.4125947590609333,2.7612986765266347
190,task,1,6.559021196637528,4.790643645852279
190,task,2,7.700925389590887,8.971098439566532
190,task,3,8.23372591370656,1.8420771426073201
190,task,4,0.9147023552697853,1.694406005450485
191,robot,0,9.138310894927105,9.254488677038575
191,robot,1,2.9821578937044557,8.403413780135583
191,robot,2,5.362355350220966,8.227918483482073
191,robot,3,5.483648423800011,1.4589321977911818
191,robot,4,0.7921955107309742,9.572191492093395
191,robot,5,4.25802556431579,3.505206448973178
191,task,0,3.563030847683104,3.78934411475472
191,task,1,9.44996827894338,0.6270458740317586
191,task,2,1.1906128738229915,7.896515154818492
191,task,3,5.494094913401387,1.2853675796095199
191,task,4,0.3446013677833637,2.2423434827922737
191,task,5,2.608107377102711,0.1421302957464199
191,task,6,2.160905383371934,7.383189369523997
191,task,7,8.554336896370037,8.982358297697179
191,task,8,3.8991403264354343,3.1941372590355765
191,task,9,9.998608482078875,7.693404509215887
191,task,10,5.3735208090755435,2.547714326893966
191,task,11,3.213054528851047,5.153643488293872
191,task,12,5.420829197907507,0.1367864427367782
191,task,13,9.594000852714744,5.756062473515636
191,task,14,5.891582444091333,2.114711337538192
191,task,15,7.649871788012479,7.372645200918427
191,task,16,0.9515797340476406,5.949943722599203
191,task,17,6.581937453298798,8.355681745738773
191,task,18,2.0609117891771067,8.776347968064059
191,task,19,4.614810717075956,0.9652361930564479
192,robot,0,1.9780445367316957,2.827507059853085
192,robot,1,4.964058044597996,7.487511977445599
192,robot,2,1.8672590201943229,9.926517944995366
192,task,0,1.615219317703126,5.993779677221474
192,task,1,9.2894043587134,8.32507422876827
192,task,2,6.478892016631599,7.154929967908985
192,task,3,1.342056267053643,0.0966305376024823
192,task,4,4.341487843603727,0.8951892633830305
192,task,5,3.5775256191282434,2.237427935697376
192,task,6,9.163467223807427,8.800559990080576
193,robot,0,7.139442984139875,1.54071929104027
193,robot,1,0.48367426199151575,6.538878578546925
193,robot,2,6.422581371750993,3.6942428475448095
193,robot,3,4.7268666643559705,4.891493882379894
193,robot,4,2.3992813274650637,3.141666119075859
193,task,0,4.183895546635016,6.031790299115897
193,task,1,9.558192060173925,5.3848460951904
193,task,2,7.311639095432016,8.070011023955532
193,task,3,1.135081213085536,6.53124667553941
193,task,4,4.821107202544245,5.724309422478921
193,task,5,0.3841693576904459,9.062157365473851
193,task,6,9.527841495754501,0.03481923684611754
193,task,7,2.127915920415109,1.8019417370894997
193,task,8,7.813045172798514,5.980800591118203
193,task,9,1.7733366329673173,8.139709553188604
193,task,10,3.534748718057484,4.608568762931023
193,task,11,3.873066053206454,5.213802064412295
193,task,12,4.801424688287254,2.7458400266244265
193,task,13,4.245560374938403,9.083371498543002
193,task,14,5.028941364792451,9.163864104223755
193,task,15,5.501270478179646,7.688172932641589
193,task,16,2.935913096597129,7.904134900444078
193,task,17,2.643216129849856,0.19549971642973007
193,task,18,1.6072894317769304,0.21652875032036834
193,task,19,9.470626418914286,9.999770204176942
193,task,20,7.622302636195206,1.0812816375158762
194,robot,0,7.437761832661044,3.322445154020879
194,robot,1,5.022779118089321,6.617593412619689
194,robot,2,0.24050475673271232,5.015409120998951
194,task,0,7.323954332549851,1.8822537189633282
194,task,1,4.437905734793331,5.325301291849333
194,task,2,7.355653719592322,9.644537107931075
194,task,3,8.482755480042915,6.215184202299502
194,task,4,5.836406748348093,6.031866930726707
194,task,5,5.451786426597738,0.5936288025892356
194,task,6,6.98296394588205,7.16336800129603
194,task,7,5.1248036226702745,8.70387605402543
194,task,8,6.7243680275667845,3.6266465785701696
194,task,9,0.1969435359863425,0.5916164649768008
194,task,10,3.517982616417863,4.621053251986829
194,task,11,1.6687111950842504,1.893283064226321
194,task,12,2.3021135877933627,7.805133395762727
194,task,13,7.712878409517714,3.829389854137788
194,task,14,1.7236438158439582,1.1090838506346923
194,task,15,0.8712931204717322,3.912792508993721
194,task,16,0.455424333211194,3.33635037126335
194,task,17,9.615332425411374,5.075046156100386
194,task,18,8.22644656835189,1.2926594589539908
194,task,19,2.6807878240970484,9.465464445440087
194,task,20,3.835518969340236,6.484061284483223
194,task,21,9.761267791625894,5.507877563307355
195,robot,0,5.319484559520623,0.5463719933085931
195,robot,1,1.1236987409269117,0.07171105052269922
195,robot,2,8.842100415650043,6.712804288995956
195,robot,3,2.983297651327481,2.211614192073046
195,robot,4,6.830766011577799,9.195320647852824
195,robot,5,2.9913909105211065,3.215591093867818
195,task,0,8.542407251937728,8.933758158837522
195,task,1,9.140365668297786,2.931542080066948
195,task,2,1.203125675963489,4.39997571998542
195,task,3,2.9576486514118105,8.838666668118357
195,task,4,0.36634941803544874,6.338804696362724
195,task,5,9.061813657481139,9.76670366806066
195,task,6,6.5013059929804315,9.4992295702238
195,task,7,0.7565946262506729,3.592783459962398
195,task,8,0.08714697326733689,9.811837721908184
195,task,9,9.027264787666992,0.28052556248201355
195,task,10,0.18132650459765975,3.6696949410636615
196,robot,0,8.469322772425022,1.604844032718623
196,robot,1,7.906494627008573,5.5445969999066325
196,robot,2,3.773917714049878,1.4571976173337875
196,task,0,9.976913059596711,6.1798612092153675
196,task,1,4.393822325679943,3.7112755655273166
196,task,2,9.057282306308553,8.21191808190761
196,task,3,8.111857883682237,6.161984729623928
196,task,4,8.879565826958018,2.9927837212207042
196,task,5,7.037061351632893,4.044477423918925
196,task,6,5.999988085596922,9.981530006126928
196,task,7,9.845247806753184,5.126190164674482
196,task,8,5.738634521648246,8.97321769137301
196,task,9,9.85635712513855,7.786078026260798
197,robot,0,3.2263973434386397,8.965623399203078
197,robot,1,7.683525058504806,7.422330710244271
197,robot,2,6.679232304681411,4.152638496323835
197,task,0,4.0324132034470175,8.08932487590801
197,task,1,2.9378029176507092,6.848318727009735
197,task,2,7.262085234239565,8.445559893615288
197,task,3,3.198855907070157,7.418892668382021
197,task,4,1.0648989757868688,1.3806172895190472
197,task,5,4.173360401734016,0.5522577635524728
198,robot,0,9.018958105093605,0.48933695525843146
198,robot,1,8.383117218922788,5.088741740900254
198,robot,2,7.019628883735499,8.869311692981872
198,task,0,5.769744870776986,1.1632710028462945
198,task,1,0.025786104865862525,4.969215322514465
198,task,2,9.492321321243601,5.726218716131958
198,task,3,3.729391380882292,0.30922017080913355
198,task,4,9.149794172782004,3.2715666085804216
198,task,5,7.047774013150962,6.9423720211146485
198,task,6,2.5388316136874787,0.6377750646072533
198,task,7,3.8500037867184354,3.171310138371999
198,task,8,7.002563988723258,8.19782495659839
198,task,9,2.2244541739167465,5.282310697764423
198,task,10,0.4060834738816166,2.142558229334619
198,task,11,7.61761605322083,7.933983204890724
198,task,12,7.764044634518033,1.4238792498827013
198,task,13,5.5103472746841735,4.227084144433829
198,task,14,9.914862967950905,6.540698690583361
198,task,15,9.35202091395729,1.453503050084376
198,task,16,4.508732731002291,7.716076001058686
198,task,17,3.678577280304026,6.325084961536467
198,task,18,5.117021723736607,9.919294092179923
198,task,19,1.7387254006549147,9.353486953301278
198,task,20,4.015709538032968,4.679929663772945
198,task,21,5.28601883689979,2.6536654943357982
198,task,22,9.63657442610793,9.114872052347895
199,robot,0,9.969195722095229,6.69800095180972
199,robot,1,4.516854958057447,8.507339014963048
199,robot,2,0.23804877836338556,8.344040447135034
199,robot,3,4.972860242110066,6.732200270834178
199,robot,4,3.740460613425076,3.686231538668159
199,task,0,0.31717152810887717,4.237894304290133
199,task,1,4.083541954193301,2.2479110186807127
199,task,2,2.4732327353976746,5.841395804425117
199,task,3,3.1777144253950307,8.302519090172897
199,task,4,1.1138510685706648,5.776449465750436
199,task,5,1.6004472713910234,5.282406269206588
199,task,6,5.525458869503187,6.422976865257292
199,task,7,4.274249472728937,5.094746851292545
199,task,8,1.8095261608129332,4.630153497363296
199,task,9,3.7303038909429054,6.661311046544097
199,task,10,4.348217234964861,7.793416509802203
199,task,11,4.259920985736922,2.3577117297395866
199,task,12,2.736887189585846,0.4528522509163657
199,task,13,5.399188106009101,8.308808839003218
199,task,14,7.691117068175702,4.377894663384714
199,task,15,1.961203551445122,8.634844432974528
199,task,16,0.567810340450684,3.99222725202494
199,task,17,8.56615142383951,3.9317668740419642
199,task,18,1.1787547075695992,2.659495003457961
199,task,19,6.000294417429483,1.5203590769457087
199,task,20,6.549353268423558,4.381619311992457
199,task,21,3.3438950082052186,2.4092548052316385
199,task,22,8.233299858567095,3.9667394746340157
199,task,23,7.3847926560622765,4.4035519263738445
